tag,word,pos
-,-,-
-,-,-
-,-,-
-,-,-
-,-,-
*,Ya,rg
vr,tienen,vmip000
*,mis,dp0000
*,datos,nc0p000
-,-,-
-,-,-
-,-,-
-,-,-
-,-,-
af,Ok,rn
-,-,-
-,-,-
-,-,-
-,-,-
-,-,-
*,Que,pr000000
-,-,-
-,-,-
-,-,-
-,-,-
-,-,-
*,Pero,cc
*,que,pr000000
pr,promos,vssp000
vr,tienes,vmip000
*,?,fit
-,-,-
-,-,-
-,-,-
-,-,-
-,-,-
vr,Nesesito,np00000
vr,checarlo,aq0000
*,por,sp000
*,que,cs
vr,estan,vmip000
*,casi,rg
ad,igual,aq0000
*,que,pr000000
*,en,sp000
*,la,da0000
*,tienda,nc0s000
-,-,-
-,-,-
-,-,-
-,-,-
-,-,-
ng,No,rn
*,gracias,nc0p000
-,-,-
-,-,-
-,-,-
-,-,-
-,-,-
*,Como,cs
vr,esta,dd0000
*,?,fit
-,-,-
-,-,-
-,-,-
-,-,-
-,-,-
*,Y,cc
*,el,da0000
ad,24,z0
-,-,-
-,-,-
-,-,-
-,-,-
-,-,-
ad,Cuanto,cs
*,?,fit
-,-,-
-,-,-
-,-,-
-,-,-
-,-,-
*,el,da0000
ad,12,z0
pr,pack,nc0s000
*,de,sp000
ad,Modelo,np00000
ad,Especial,np00000
*,en,sp000
pr,$,pi000000
ad,130,z0
-,-,-
-,-,-
-,-,-
-,-,-
-,-,-
*,Me,pp000000
vr,puedes,vmip000
vr,mandar,vmn0000
*,una,di0000
pr,promo,nc0s000
*,?,fit
-,-,-
-,-,-
-,-,-
-,-,-
-,-,-
*,De,sp000
pr,bud,np00000
-,-,-
-,-,-
-,-,-
-,-,-
-,-,-
*,Cuanto,cs
vr,tardarian,vmip000
-,-,-
-,-,-
-,-,-
-,-,-
-,-,-
*,De,sp000
ad,30,z0
-,-,-
-,-,-
-,-,-
-,-,-
-,-,-
*,Pero,cc
*,seguro,aq0000
-,-,-
-,-,-
-,-,-
-,-,-
-,-,-
*,Que,cs
ng,no,rn
vr,dura,vmip000
*,mas,rg
-,-,-
-,-,-
-,-,-
-,-,-
-,-,-
ng,No,rn
-,-,-
-,-,-
-,-,-
-,-,-
-,-,-
vr,vamos,vmip000
*,a,sp000
vr,pagar,vmn0000
ad,completo,aq0000
-,-,-
-,-,-
-,-,-
-,-,-
-,-,-
af,Ok,rn
-,-,-
-,-,-
-,-,-
-,-,-
-,-,-
*,Gracias,np00000
-,-,-
-,-,-
-,-,-
-,-,-
-,-,-
*,Disculpa,nc0s000
*,ya,rg
*,casi,rg
*,la,da0000
*,hora,nc0s000
*,y,cc
ng,no,rn
vr,han,vaip000
vr,llegado,vmp0000
-,-,-
-,-,-
-,-,-
-,-,-
-,-,-
*,O,cc
vr,pasa,vmip000
*,me,pp000000
*,el,da0000
*,telefono,nc0s000
*,de,sp000
*,el,da0000
*,repartidor,nc0s000
-,-,-
-,-,-
-,-,-
-,-,-
-,-,-
*,Gracias,np00000
af,ya,rg
vr,llego,vmis000
-,-,-
-,-,-
-,-,-
-,-,-
-,-,-
pr,Promociones,np00000
*,?,fit
-,-,-
-,-,-
-,-,-
-,-,-
-,-,-
*,Hola,i
-,-,-
-,-,-
-,-,-
-,-,-
-,-,-
*,Que,pr000000
pr,promos,vssp000
vr,tienes,vmip000
-,-,-
-,-,-
-,-,-
-,-,-
-,-,-
ad,Buena,aq0000
pr,promo,nc0s000
-,-,-
-,-,-
-,-,-
-,-,-
-,-,-
*,Jaja,np00000
-,-,-
-,-,-
-,-,-
-,-,-
-,-,-
*,Algo,rg
*,mejor,aq0000
-,-,-
-,-,-
-,-,-
-,-,-
-,-,-
*,Que,cs
*,me,p0000000
vr,pidas,vmsp000
vr,ofrecer,vmn0000
-,-,-
-,-,-
-,-,-
-,-,-
-,-,-
*,Pues,cs
pr,bud,nc0s000
-,-,-
-,-,-
-,-,-
-,-,-
-,-,-
*,Para,sp000
vr,animar,vmn0000
*,me,pp000000
-,-,-
-,-,-
-,-,-
-,-,-
-,-,-
af,Si,cs
*,la,da0000
*,misma,di0000
*,direccion,nc0s000
-,-,-
-,-,-
-,-,-
-,-,-
-,-,-
*,Yo,pp000000
vr,estare,np00000
*,ahi,np00000
*,despues,rg
*,de,sp000
*,las,da0000
ad,ocho,nc0p000
-,-,-
-,-,-
-,-,-
-,-,-
-,-,-
*,Pues,cs
*,el,da0000
ad,30,z0
-,-,-
-,-,-
-,-,-
-,-,-
-,-,-
*,ay,i
*,gracias,nc0p000
-,-,-
-,-,-
-,-,-
-,-,-
-,-,-
af,Ok,rn
-,-,-
-,-,-
-,-,-
-,-,-
-,-,-
*,Entonces,rg
*,me,pp000000
*,lo,pp000000
vr,llevan,vmip000
*,despues,rg
*,de,sp000
*,las,da0000
ad,ocho,nc0p000
-,-,-
-,-,-
-,-,-
-,-,-
-,-,-
ad,Hoy,rg
*,?,fit
-,-,-
-,-,-
-,-,-
-,-,-
-,-,-
af,Ok,rn
-,-,-
-,-,-
-,-,-
-,-,-
-,-,-
*,No,rn
*,se,p0000000
*,que,cs
vr,puedan,vmsp000
vr,mandar,vmn0000
-,-,-
-,-,-
-,-,-
-,-,-
-,-,-
vr,Hay,vaip000
pr,opciones,nc0p000
-,-,-
-,-,-
-,-,-
-,-,-
-,-,-
vr,Voy,vmip000
ad,seguido,vmp0000
*,a,sp000
*,el,da0000
*,pero,cc
*,pues,cs
pr,lentes,nc0p000
pr,hieleras,nc0p000
pr,algo,pi000000
*,la,pp000000
pr,gorra,vmsp000
ng,no,rn
*,me,pp000000
vr,serviria,vmip000
-,-,-
-,-,-
-,-,-
-,-,-
-,-,-
*,Le,pp000000
vr,voy,vmip000
*,mas,rg
*,a,sp000
pr,lentes,nc0p000
-,-,-
-,-,-
-,-,-
-,-,-
-,-,-
pr,boletos,nc0p000
*,para,sp000
pr,hielera,nc0s000
-,-,-
-,-,-
-,-,-
-,-,-
-,-,-
*,Hola,i
-,-,-
-,-,-
-,-,-
-,-,-
-,-,-
*,Me,pp000000
vr,dijieron,vmis000
*,que,cs
vr,tendrian,vmip000
*,presentes,aq0000
*,para,sp000
*,el,da0000
*,dia,nc0s000
*,de,sp000
*,las,da0000
*,madres,nc0p000
-,-,-
-,-,-
-,-,-
-,-,-
-,-,-
ad,Manana,np00000
vr,podrias,nc0p000
-,-,-
-,-,-
-,-,-
-,-,-
-,-,-
*,A,sp000
*,las,da0000
ad,ocho,nc0p000
-,-,-
-,-,-
-,-,-
-,-,-
-,-,-
*,?,fit
-,-,-
-,-,-
-,-,-
-,-,-
-,-,-
*,A,sp000
*,el,da0000
ad,tiempo,nc0s000
*,por,sp000
*,favor,nc0s000
-,-,-
-,-,-
-,-,-
-,-,-
-,-,-
vr,Pagare,np00000
*,con,sp000
ad,200,z0
-,-,-
-,-,-
-,-,-
-,-,-
-,-,-
af,Si,cs
vr,quiero,vmip000
*,mas,rg
*,te,pp000000
vr,puedo,vmip000
vr,avisar,vmn0000
*,?,fit
-,-,-
-,-,-
-,-,-
-,-,-
-,-,-
ng,No,rn
vr,hay,vaip000
*,nada,pi000000
ad,extra,aq0000
*,si,cs
*,recomiendo,vmg0000
*,gente,nc0s000
*,?,fit
-,-,-
-,-,-
-,-,-
-,-,-
-,-,-
*,Para,sp000
*,recomendar,vmn0000
*,te,pp000000
*,a,sp000
*,mis,dp0000
*,amigas,nc0p000
*,jaja,aq0000
-,-,-
-,-,-
-,-,-
-,-,-
-,-,-
*,O,cc
*,es,vsip000
*,lo,da0000
*,mismo,di0000
*,si,cs
*,las,da0000
vr,encargo,nc0s000
*,yo,pp000000
-,-,-
-,-,-
-,-,-
-,-,-
-,-,-
*,De,sp000
*,que,pr000000
vr,trata,vmip000
*,?,fit
-,-,-
-,-,-
-,-,-
-,-,-
-,-,-
*,ah,vmis000
*,en,sp000
*,serio,aq0000
-,-,-
-,-,-
-,-,-
-,-,-
-,-,-
*,Aparte,np00000
*,de,sp000
*,la,da0000
pr,promo,nc0s000
-,-,-
-,-,-
-,-,-
-,-,-
-,-,-
*,Haber,np00000
vr,manda,vmip000
*,me,pp000000
*,la,da0000
-,-,-
-,-,-
-,-,-
-,-,-
-,-,-
*,Y,cc
*,como,cs
vr,hago,vmip000
vr,valida,vmip000
*,la,da0000
pr,promocion,nc0s000
*,?,fit
-,-,-
-,-,-
-,-,-
-,-,-
-,-,-
af,Si,cs
*,verdad,nc0s000
-,-,-
-,-,-
-,-,-
-,-,-
-,-,-
*,Bueno,i
*,les,pp000000
vr,voy,vmip000
*,a,sp000
vr,decir,vmn0000
*,a,sp000
vr,ver,vmn0000
*,que,cs
vr,dicen,vmip000
-,-,-
-,-,-
-,-,-
-,-,-
-,-,-
*,Por,sp000
*,lo,da0000
*,pronto,rg
*,asi,np00000
*,como,cs
vr,habiamos,van0000
vr,quedado,vmp0000
-,-,-
-,-,-
-,-,-
-,-,-
-,-,-
af,Ok,rn
-,-,-
-,-,-
-,-,-
-,-,-
-,-,-
*,Oye,vmm0000
*,esa,dd0000
pr,promocion,nc0s000
*,como,cs
*,esta,dd0000
*,?,fit
-,-,-
-,-,-
-,-,-
-,-,-
-,-,-
*,Pero,cc
vr,trae,vmip000
ad,un,di0000
*,cupon,nc0s000
ad,gratis,rg
*,?,fit
-,-,-
-,-,-
-,-,-
-,-,-
-,-,-
*,Haaa,np00000
-,-,-
-,-,-
-,-,-
-,-,-
-,-,-
*,Pero,cc
vr,tengo,vmip000
*,que,cs
vr,ir,vmn0000
*,a,sp000
*,la,da0000
*,tienda,nc0s000
-,-,-
-,-,-
-,-,-
-,-,-
-,-,-
*,A,sp000
vr,cambiar,vmn0000
*,lo,pp000000
-,-,-
-,-,-
-,-,-
-,-,-
-,-,-
*,Es,vsip000
*,por,sp000
*,tel,nc0s000
*,?,fit
-,-,-
-,-,-
-,-,-
-,-,-
-,-,-
*,En,sp000
*,serio,aq0000
-,-,-
-,-,-
-,-,-
-,-,-
-,-,-
*,Pues,cs
af,mejor,rg
*,ese,dd0000
-,-,-
-,-,-
-,-,-
-,-,-
-,-,-
*,El,da0000
*,de,sp000
ad,235,z0
-,-,-
-,-,-
-,-,-
-,-,-
-,-,-
*,Haa,np00000
*,pero,cc
pr,dominos,np00000
ng,no,rn
vr,tiene,vmip000
*,para,sp000
*,aca,nc0s000
-,-,-
-,-,-
-,-,-
-,-,-
-,-,-
ad,Manana,np00000
*,a,sp000
*,las,da0000
ad,ocho,dn0000
*,entonces,rg
*,verdad,nc0s000
*,?,fit
-,-,-
-,-,-
-,-,-
-,-,-
-,-,-
af,Ok,rn
-,-,-
-,-,-
-,-,-
-,-,-
-,-,-
*,Ese,dd0000
af,mejor,aq0000
-,-,-
-,-,-
-,-,-
-,-,-
-,-,-
*,Hola,i
-,-,-
-,-,-
-,-,-
-,-,-
-,-,-
*,Buenas,aq0000
*,tardes,nc0p000
-,-,-
-,-,-
-,-,-
-,-,-
-,-,-
*,Oye,vmm0000
*,aqui,nc0s000
vr,estan,vmip000
*,los,da0000
*,de,sp000
pr,modelo,nc0s000
-,-,-
-,-,-
-,-,-
-,-,-
-,-,-
*,Dicen,vmip000
*,que,cs
ng,no,rn
vr,traen,vmip000
*,mi,dp0000
pr,pedido,nc0s000
-,-,-
-,-,-
-,-,-
-,-,-
-,-,-
*,Como,cs
*,te,p0000000
*,lo,pp000000
vr,hice,vmip000
-,-,-
-,-,-
-,-,-
-,-,-
-,-,-
*,De,sp000
ad,30,z0
pe,latas,nc0p000
*,con,sp000
ad,9,z0
*,de,sp000
pr,regalo,nc0s000
-,-,-
-,-,-
-,-,-
-,-,-
-,-,-
*,Pues,cs
ad,aqui,nc0s000
vr,estan,vmip000
-,-,-
-,-,-
-,-,-
-,-,-
-,-,-
*,Pero,cc
*,que,cs
ng,no,rn
vr,pedi,vmip000
*,esa,dd0000
pr,promo,nc0s000
-,-,-
-,-,-
-,-,-
-,-,-
-,-,-
*,Me,pp000000
vr,quieren,vmip000
vr,dejar,vmn0000
*,solo,aq0000
ad,30,z0
pr,latas,nc0p000
-,-,-
-,-,-
-,-,-
-,-,-
-,-,-
*,Sin,sp000
*,las,da0000
ad,nueve,nc0p000
-,-,-
-,-,-
-,-,-
-,-,-
-,-,-
*,Que,cs
vr,paso,nc0s000
*,?,fit
-,-,-
-,-,-
-,-,-
-,-,-
-,-,-
*,Y,cc
*,luego,rg
-,-,-
-,-,-
-,-,-
-,-,-
-,-,-
*,Ya,rg
vr,estan,vmip000
ad,aqui,nc0s000
-,-,-
-,-,-
-,-,-
-,-,-
-,-,-
*,Ya,rg
vr,se,p0000000
vr,fue,vmis000
-,-,-
-,-,-
-,-,-
-,-,-
-,-,-
*,Me,pp000000
vr,haces,vmip000
*,el,da0000
pr,pedido,nc0s000
*,de,sp000
*,nuevo,aq0000
-,-,-
-,-,-
-,-,-
-,-,-
-,-,-
*,O,cc
*,que,cs
*,onda,nc0s000
-,-,-
-,-,-
-,-,-
-,-,-
-,-,-
ag,No,rn
*,se,p0000000
vr,vale,vmip000
-,-,-
-,-,-
-,-,-
-,-,-
-,-,-
*,Hoy,rg
vr,vengo,vmip000
*,en,sp000
*,friega,nc0s000
*,de,sp000
*,el,da0000
*,trabajo,nc0s000
-,-,-
-,-,-
-,-,-
-,-,-
-,-,-
*,O,cc
*,lo,da0000
vr,hago,vmip000
*,por,sp000
*,telefono,nc0s000
*,el,da0000
pr,pedido,nc0s000
-,-,-
-,-,-
-,-,-
-,-,-
-,-,-
*,Pues,cs
*,me,p0000000
vr,queria,vmip000
vr,dejar,vmn0000
*,las,da0000
ad,30,z0
*,nada,pi000000
*,mas,rg
-,-,-
-,-,-
-,-,-
-,-,-
-,-,-
*,Me,pp000000
vr,dijo,vmis000
*,que,cs
ng,no,rn
*,me,pp000000
vr,podia,vmip000
*,dar,vmn0000
*,las,da0000
ad,nueve,nc0p000
-,-,-
-,-,-
-,-,-
-,-,-
-,-,-
af,Ok,rn
-,-,-
-,-,-
-,-,-
-,-,-
-,-,-
*,PM,np00000
*,Las,pp000000
*,llamadas,nc0p000
*,y,cc
*,mensajes,nc0p000
*,enviados,aq0000
*,a,sp000
*,este,dd0000
*,chat,nc0s000
*,ahora,rg
*,estan,vmip000
*,seguros,nc0p000
*,con,sp000
*,cifrado,aq0000
*,de,sp000
*,extremo,nc0s000
*,a,sp000
*,Toca,np00000
*,para,sp000
*,mas,rg
-,-,-
-,-,-
-,-,-
-,-,-
-,-,-
*,Hola,i
-,-,-
-,-,-
-,-,-
-,-,-
-,-,-
*,Te,pp000000
vr,pedi,vmip000
ad,una,di0000
pr,promocion,nc0s000
*,para,sp000
*,el,da0000
*,dia,nc0s000
*,de,sp000
vr,era,vsii000
*,con,sp000
*,los,da0000
pr,pases,nc0p000
*,de,sp000
pr,David,np00000
pr,Guetta,np00000
-,-,-
-,-,-
-,-,-
-,-,-
-,-,-
*,pro,nc0s000
*,me,p0000000
*,marcaron,vmis000
-,-,-
-,-,-
-,-,-
-,-,-
-,-,-
af,Si,cs
-,-,-
-,-,-
-,-,-
-,-,-
-,-,-
vr,se,p0000000
*,que,cs
*,es,vsip000
*,probable,aq0000
*,que,cs
*,me,p0000000
vr,mandes,vmip000
*,a,sp000
vr,volar,vmn0000
*,y,cc
*,me,p0000000
vr,vea,vmsp000
*,super,np00000
*,por,sp000
*,las,da0000
vr,condiciones,nc0p000
*,de,sp000
*,el,da0000
*,pero,cc
vr,podrian,vmip000
vr,entregar,vmn0000
*,lo,pp000000
ad,hoy,rg
*,en,sp000
*,el,da0000
*,transcurso,nc0s000
*,de,sp000
*,la,da0000
ad,noche,nc0s000
*,?,fit
-,-,-
-,-,-
-,-,-
-,-,-
-,-,-
*,esta,dd0000
af,bien,nc0s000
-,-,-
-,-,-
-,-,-
-,-,-
-,-,-
*,Gracias,i
*,!,fat
-,-,-
-,-,-
-,-,-
-,-,-
-,-,-
*,Los,da0000
vr,espero,vmip000
ad,manana,aq0000
-,-,-
-,-,-
-,-,-
-,-,-
-,-,-
af,Va,vmip000
-,-,-
-,-,-
-,-,-
-,-,-
-,-,-
*,aun,rg
ng,no,rn
-,-,-
-,-,-
-,-,-
-,-,-
-,-,-
vr,Podrian,np00000
vr,intentar,vmn0000
vr,buscar,vmn0000
*,me,pp000000
*,a,sp000
*,este,dd0000
*,numero,nc0s000
*,?,fit
-,-,-
-,-,-
-,-,-
-,-,-
-,-,-
*,A,sp000
*,partir,vmn0000
*,de,sp000
*,las,da0000
ad,7,w
ad,pm,aq0000
-,-,-
-,-,-
-,-,-
-,-,-
-,-,-
*,gracias,nc0p000
-,-,-
-,-,-
-,-,-
-,-,-
-,-,-
*,Hola,i
-,-,-
-,-,-
-,-,-
-,-,-
-,-,-
*,Hola,i
-,-,-
-,-,-
-,-,-
-,-,-
-,-,-
ad,hoy,rg
*,me,p0000000
vr,hablo,vmip000
*,Alberto,np00000
*,Gomez,np00000
-,-,-
-,-,-
-,-,-
-,-,-
-,-,-
*,me,pp000000
vr,dijo,vmis000
*,que,cs
*,me,p0000000
*,pero,cc
*,aun,rg
ng,no,rn
*,se,p0000000
vr,ha,vaip000
vr,reportado,vmp0000
-,-,-
-,-,-
-,-,-
-,-,-
-,-,-
af,Va,vmip000
-,-,-
-,-,-
-,-,-
-,-,-
-,-,-
*,Hola,i
*,Anahi,np00000
-,-,-
-,-,-
-,-,-
-,-,-
-,-,-
af,si,cs
vr,era,vsii000
*,Anahi,np00000
*,?,fit
-,-,-
-,-,-
-,-,-
-,-,-
-,-,-
vr,deja,vmip000
*,me,pp000000
vr,ver,vmn0000
-,-,-
-,-,-
-,-,-
-,-,-
-,-,-
*,yo,pp000000
*,te,p0000000
vr,aviso,nc0s000
ad,manana,aq0000
-,-,-
-,-,-
-,-,-
-,-,-
-,-,-
af,sip,nc0s000
-,-,-
-,-,-
-,-,-
-,-,-
-,-,-
-,-,-
-,-,-
-,-,-
-,-,-
-,-,-
*,Hola,i
*,buen,aq0000
*,dia,nc0s000
-,-,-
-,-,-
-,-,-
-,-,-
-,-,-
vr,Hay,vaip000
pr,promociones,nc0p000
ad,especiales,aq0000
*,para,sp000
*,los,da0000
pr,compadres,nc0p000
pr,now,nc0s000
*,o,cc
*,ya,rg
ng,no,rn
vr,existe,vmip000
*,ese,dd0000
pr,programa,nc0s000
-,-,-
-,-,-
-,-,-
-,-,-
-,-,-
af,Ok,pp000000
*,oye,vmip000
*,bueno,aq0000
vr,programa,nc0s000
*,me,p0000000
ad,un,di0000
ad,24,z0
*,para,sp000
*,las,da0000
ad,8,z0
*,de,sp000
*,la,da0000
ad,noche,nc0s000
-,-,-
-,-,-
-,-,-
-,-,-
-,-,-
*,En,sp000
*,casa,nc0s000
*,de,sp000
*,mis,dp0000
*,suegros,nc0p000
-,-,-
-,-,-
-,-,-
-,-,-
-,-,-
*,Calle,np00000
*,navio,nc0s000
*,535,z0
*,colonia,nc0s000
*,golondrinas,aq0000
-,-,-
-,-,-
-,-,-
-,-,-
-,-,-
*,Apodaca,vmip000
*,nuevo,aq0000
*,leon,nc0s000
-,-,-
-,-,-
-,-,-
-,-,-
-,-,-
af,Sii,np00000
-,-,-
-,-,-
-,-,-
-,-,-
-,-,-
*,Porfavor,np00000
-,-,-
-,-,-
-,-,-
-,-,-
-,-,-
af,Si,cs
*,porfavor,aq0000
-,-,-
-,-,-
-,-,-
-,-,-
-,-,-
*,Te,pp000000
vr,pago,nc0s000
*,exacto,aq0000
-,-,-
-,-,-
-,-,-
-,-,-
-,-,-
af,Ok,pp000000
*,mi,dp0000
*,telefono,nc0s000
*,es,vsip000
*,8118949748,z0
-,-,-
-,-,-
-,-,-
-,-,-
-,-,-
*,Que,cs
pr,promos,vssp000
vr,hay,vaip000
*,para,sp000
*,los,da0000
pr,compadres,nc0p000
pr,now,aq0000
-,-,-
-,-,-
-,-,-
-,-,-
-,-,-
af,Okk,np00000
*,gracias,nc0p000
vr,deja,vmip000
vr,veo,vmip000
*,yo,pp000000
*,les,pp000000
vr,aviso,nc0s000
-,-,-
-,-,-
-,-,-
-,-,-
-,-,-
*,Muchas,di0000
*,gracias,nc0p000
-,-,-
-,-,-
-,-,-
-,-,-
-,-,-
*,Que,cs
pr,promo,vmsp000
vr,hay,vaip000
-,-,-
-,-,-
-,-,-
-,-,-
-,-,-
af,Ok,vsis000
*,el,da0000
ad,viernes,w
*,te,p0000000
vr,digo,vmip000
*,si,cs
*,?,fit
-,-,-
-,-,-
-,-,-
-,-,-
-,-,-
*,Gracias,i
*,por,sp000
*,el,da0000
*,momento,nc0s000
ng,no,rn
*,requiero,vmip000
-,-,-
-,-,-
-,-,-
-,-,-
-,-,-
*,Muchas,di0000
*,gracias,nc0p000
-,-,-
-,-,-
-,-,-
-,-,-
-,-,-
*,Eh,pp000000
pr,hieleras,nc0p000
*,tal,dd0000
*,no,rn
*,de,sp000
*,marca,nc0s000
*,sino,cc
*,a,sp000
*,el,da0000
*,menos,aq0000
*,de,sp000
pr,hielo,nc0s000
pr,seco,aq0000
*,con,sp000
*,la,da0000
*,impresion,nc0s000
pr,bud,np00000
pr,light,nc0s000
-,-,-
-,-,-
-,-,-
-,-,-
-,-,-
*,Estaria,np00000
af,chido,aq0000
-,-,-
-,-,-
-,-,-
-,-,-
-,-,-
*,Yo,pp000000
vr,tengo,vmip000
*,una,pi000000
*,exclusiva,aq0000
*,para,sp000
*,mis,dp0000
pr,cervezas,nc0p000
-,-,-
-,-,-
-,-,-
-,-,-
-,-,-
*,Pero,cc
ng,no,rn
vr,es,vsip000
pr,bud,np00000
ad,light,np00000
*,haha,aq0000
-,-,-
-,-,-
-,-,-
-,-,-
-,-,-
vr,Imagina,np00000
*,te,p0000000
*,cual,pi000000
*,es,vsip000
-,-,-
-,-,-
-,-,-
-,-,-
-,-,-
af,Ok,pp000000
*,esta,dd0000
*,bien,nc0s000
-,-,-
-,-,-
-,-,-
-,-,-
-,-,-
pr,Promo,np00000
*,para,sp000
*,el,da0000
*,clasico,nc0s000
*,de,sp000
ad,hoy,rg
*,?,fit
-,-,-
-,-,-
-,-,-
-,-,-
-,-,-
ad,24,z0
*,mas,rg
ad,9,z0
*,?,fit
-,-,-
-,-,-
-,-,-
-,-,-
-,-,-
*,Bu,rn
-,-,-
-,-,-
-,-,-
-,-,-
-,-,-
af,Ok,pp000000
*,entonces,rg
vr,programa,nc0s000
*,me,p0000000
*,un,di0000
ad,24,z0
*,para,sp000
*,las,da0000
ad,7,w
*,de,sp000
*,la,da0000
ad,noche,nc0s000
*,se,p0000000
vr,puede,vmip000
-,-,-
-,-,-
-,-,-
-,-,-
-,-,-
*,??,rn
-,-,-
-,-,-
-,-,-
-,-,-
-,-,-
*,En,sp000
*,la,da0000
*,siguiente,aq0000
*,direccion,vmic000
-,-,-
-,-,-
-,-,-
-,-,-
-,-,-
af,Asi,np00000
vr,es,vsip000
-,-,-
-,-,-
-,-,-
-,-,-
-,-,-
*,Rio,np00000
*,misouri,aq0000
*,136,z0
*,colonia,nc0s000
*,jardines,nc0p000
*,de,sp000
*,huinala,vmip000
*,en,sp000
*,apodaca,nc0s000
-,-,-
-,-,-
-,-,-
-,-,-
-,-,-
*,Rio,np00000
*,rhin,np00000
*,y,cc
*,rio,nc0s000
*,orinoco,aq0000
-,-,-
-,-,-
-,-,-
-,-,-
-,-,-
*,Ntp,vsis000
*,la,da0000
pr,propina,nc0s000
*,es,vsip000
*,para,sp000
*,el,da0000
*,repartidor,nc0s000
-,-,-
-,-,-
-,-,-
-,-,-
-,-,-
*,Le,pp000000
vr,doy,vmip000
ad,200,z0
-,-,-
-,-,-
-,-,-
-,-,-
-,-,-
af,Asi,np00000
vr,queda,vmip000
-,-,-
-,-,-
-,-,-
-,-,-
-,-,-
*,Gracias,np00000
*,a,sp000
*,ti,pp000000
-,-,-
-,-,-
-,-,-
-,-,-
-,-,-
*,Hola,i
-,-,-
-,-,-
-,-,-
-,-,-
-,-,-
vr,manda,vmip000
*,me,pp000000
ad,un,di0000
ad,24,z0
*,porfa,aq0000
-,-,-
-,-,-
-,-,-
-,-,-
-,-,-
*,Hola,i
-,-,-
-,-,-
-,-,-
-,-,-
-,-,-
af,Si,cs
-,-,-
-,-,-
-,-,-
-,-,-
-,-,-
ad,Antes,rg
*,de,sp000
*,las,da0000
ad,7,z0
*,please,vmsi000
-,-,-
-,-,-
-,-,-
-,-,-
-,-,-
*,Para,sp000
vr,ver,vmn0000
*,el,da0000
*,fut,nc0s000
*,bien,rg
*,acompanado,aq0000
-,-,-
-,-,-
-,-,-
-,-,-
-,-,-
*,jaja,nc0s000
-,-,-
-,-,-
-,-,-
-,-,-
-,-,-
af,Si,cs
*,gracias,nc0p000
-,-,-
-,-,-
-,-,-
-,-,-
-,-,-
*,Muchas,di0000
*,gracias,nc0p000
-,-,-
-,-,-
-,-,-
-,-,-
-,-,-
*,PM,np00000
*,Las,pp000000
*,llamadas,nc0p000
*,y,cc
*,mensajes,nc0p000
*,enviados,aq0000
*,a,sp000
*,este,dd0000
*,chat,nc0s000
*,ahora,rg
*,estan,vmip000
*,seguros,nc0p000
*,con,sp000
*,cifrado,aq0000
*,de,sp000
*,extremo,nc0s000
*,a,sp000
*,Toca,np00000
*,para,sp000
*,mas,rg
-,-,-
-,-,-
-,-,-
-,-,-
-,-,-
*,Hola,i
-,-,-
-,-,-
-,-,-
-,-,-
-,-,-
af,Si,cs
-,-,-
-,-,-
-,-,-
-,-,-
-,-,-
ng,No,rn
-,-,-
-,-,-
-,-,-
-,-,-
-,-,-
*,Hola,i
-,-,-
-,-,-
-,-,-
-,-,-
-,-,-
*,se,p0000000
vr,pico,nc0s000
*,solo,aq0000
*,disculpa,nc0s000
*,me,p0000000
-,-,-
-,-,-
-,-,-
-,-,-
-,-,-
*,Jaja,np00000
-,-,-
-,-,-
-,-,-
-,-,-
-,-,-
af,Ok,rn
-,-,-
-,-,-
-,-,-
-,-,-
-,-,-
vr,Manda,np00000
*,me,pp000000
ad,un,di0000
ad,30,z0
-,-,-
-,-,-
-,-,-
-,-,-
-,-,-
*,de,sp000
pr,Bud,np00000
ad,ligth,nc0p000
-,-,-
-,-,-
-,-,-
-,-,-
-,-,-
*,Para,sp000
ad,orbita,vmip000
*,por,sp000
*,favor,nc0s000
-,-,-
-,-,-
-,-,-
-,-,-
-,-,-
af,Si,cs
-,-,-
-,-,-
-,-,-
-,-,-
-,-,-
vr,Pago,nc0s000
*,con,sp000
ad,250,z0
-,-,-
-,-,-
-,-,-
-,-,-
-,-,-
ad,Ok,rn
-,-,-
-,-,-
-,-,-
-,-,-
-,-,-
*,Igualmente,rg
*,cuida,vmip000
*,te,pp000000
-,-,-
-,-,-
-,-,-
-,-,-
-,-,-
af,Ok,rn
-,-,-
-,-,-
-,-,-
-,-,-
-,-,-
*,Gracias,np00000
-,-,-
-,-,-
-,-,-
-,-,-
-,-,-
*,Jeje,np00000
af,sobres,nc0p000
-,-,-
-,-,-
-,-,-
-,-,-
-,-,-
*,Oye,vsis000
*,amiga,nc0s000
*,no,rn
vr,sabes,vmip000
*,qe,pp000000
vr,paso,vmip000
*,con,sp000
*,lo,da0000
*,de,sp000
*,el,da0000
pr,viaje,nc0s000
-,-,-
-,-,-
-,-,-
-,-,-
-,-,-
ng,Noo,np00000
-,-,-
-,-,-
-,-,-
-,-,-
-,-,-
af,Ok,rn
-,-,-
-,-,-
-,-,-
-,-,-
-,-,-
*,Te,pp000000
*,los,da0000
vr,vendo,vmip000
*,jaja,nc0s000
-,-,-
-,-,-
-,-,-
-,-,-
-,-,-
*,hola,i
-,-,-
-,-,-
-,-,-
-,-,-
-,-,-
ad,Imediato,np00000
-,-,-
-,-,-
-,-,-
-,-,-
-,-,-
vr,Pago,nc0s000
*,exacto,aq0000
-,-,-
-,-,-
-,-,-
-,-,-
-,-,-
*,Gracias,np00000
-,-,-
-,-,-
-,-,-
-,-,-
-,-,-
*,Como,cs
*,estas,dd0000
-,-,-
-,-,-
-,-,-
-,-,-
-,-,-
*,Hola,i
*,!!,f0
-,-,-
-,-,-
-,-,-
-,-,-
-,-,-
*,Hola,i
*,cono,nc0s000
*,estas,dd0000
*,?,fit
-,-,-
-,-,-
-,-,-
-,-,-
-,-,-
*,Todavia,rg
vr,vendes,vmip000
-,-,-
-,-,-
-,-,-
-,-,-
-,-,-
vr,Quieroun,np00000
ad,24,z0
-,-,-
-,-,-
-,-,-
-,-,-
-,-,-
pr,Bud,np00000
pr,ligth,nc0p000
-,-,-
-,-,-
-,-,-
-,-,-
-,-,-
af,Ok,rn
af,gracias,nc0p000
af,eres,vsip000
af,buena,aq0000
af,onda,nc0s000
-,-,-
-,-,-
-,-,-
-,-,-
-,-,-
af,Ok,rn
-,-,-
-,-,-
-,-,-
-,-,-
-,-,-
*,Si,cs
*,mandaran,vmsi000
*,la,da0000
pr,cervesa,nc0s000
-,-,-
-,-,-
-,-,-
-,-,-
-,-,-
*,O,cc
*,no,rn
-,-,-
-,-,-
-,-,-
-,-,-
-,-,-
ng,Noo,np00000
-,-,-
-,-,-
-,-,-
-,-,-
-,-,-
af,Ok,rn
-,-,-
-,-,-
-,-,-
-,-,-
-,-,-
af,Ok,rn
-,-,-
-,-,-
-,-,-
-,-,-
-,-,-
af,Gracias,np00000
-,-,-
-,-,-
-,-,-
-,-,-
-,-,-
*,Ya,rg
*,estaa,aq0000
-,-,-
-,-,-
-,-,-
-,-,-
-,-,-
*,Como,cs
*,estas,dd0000
-,-,-
-,-,-
-,-,-
-,-,-
-,-,-
vr,Me,pp000000
vr,puedes,vmip000
vr,hacer,vmn0000
ad,un,di0000
pr,pedido,nc0s000
-,-,-
-,-,-
-,-,-
-,-,-
-,-,-
-,-,-
-,-,-
-,-,-
-,-,-
-,-,-
ad,Un,di0000
pr,30,z0
-,-,-
-,-,-
-,-,-
-,-,-
-,-,-
*,Pago,nc0s000
*,con,sp000
*,300,z0
-,-,-
-,-,-
-,-,-
-,-,-
-,-,-
af,Imediato,np00000
-,-,-
-,-,-
-,-,-
-,-,-
-,-,-
vr,Me,pp000000
vr,puedes,vmip000
vr,mandar,vmn0000
ad,un,di0000
pr,12,z0
*,a,sp000
*,cerro,np00000
*,de,sp000
*,Santiago,np00000
*,3579,z0
*,y,cc
*,cerro,vmip000
*,de,sp000
*,canteras,nc0p000
*,col,aq0000
*,codigo,nc0s000
*,67182,z0
*,Penon,np00000
*,2,z0
*,feria,nc0s000
*,de,sp000
*,200,z0
*,por,sp000
*,favor,nc0s000
-,-,-
-,-,-
-,-,-
-,-,-
-,-,-
pr,But,np00000
pr,ligth,vmis000
-,-,-
-,-,-
-,-,-
-,-,-
-,-,-
*,Alicia,np00000
*,Guadalupe,np00000
*,dimas,aq0000
*,colunga,vmsp000
-,-,-
-,-,-
-,-,-
-,-,-
-,-,-
ng,No,rn
*,gracias,nc0p000
*,nada,rg
*,mas,rg
ad,12,z0
-,-,-
-,-,-
-,-,-
-,-,-
-,-,-
af,Ok,pp000000
*,Anahi,np00000
-,-,-
-,-,-
-,-,-
-,-,-
-,-,-
*,Gracias,np00000
-,-,-
-,-,-
-,-,-
-,-,-
-,-,-
*,Ya,rg
*,me,pp000000
vr,llego,vmip000
af,mil,dn0000
af,gracias,nc0p000
-,-,-
-,-,-
-,-,-
-,-,-
-,-,-
*,Hola,i
*,que,cs
pr,promocion,rg
vr,tienes,vmip000
*,anahi,np00000
-,-,-
-,-,-
-,-,-
-,-,-
-,-,-
ng,Nada,pi000000
*,mas,rg
*,el,da0000
ad,24,z0
*,por,sp000
ad,195,z0
-,-,-
-,-,-
-,-,-
-,-,-
-,-,-
af,por,sp000
af,favor,nc0s000
-,-,-
-,-,-
-,-,-
-,-,-
-,-,-
af,Si,cs
af,por,sp000
af,favor,nc0s000
-,-,-
-,-,-
-,-,-
-,-,-
-,-,-
af,Muchas,di0000
af,Gracias,np00000
*,anahi,np00000
-,-,-
-,-,-
-,-,-
-,-,-
-,-,-
*,Hola,i
*,buenas,aq0000
*,tardes,nc0p000
*,Anahi,np00000
*,el,da0000
ad,12,z0
-,en,sp000
ad,cuanto,pr000000
-,lo,pp000000
vr,tienes,vmip000
-,-,-
-,-,-
-,-,-
-,-,-
-,-,-
af,Si,cs
vr,manda,vmip000
vr,me,p0000000
*,los,pp000000
af,por,sp000
af,favor,nc0s000
-,-,-
-,-,-
-,-,-
-,-,-
-,-,-
*,Oye,vsis000
ng,no,rn
vb,tienes,vmip000
pr,doritos,nc0p000
ad,rojos,aq0000
-,-,-
-,-,-
-,-,-
-,-,-
-,-,-
af,Si,cs
*,por,sp000
*,favor,nc0s000
*,y,cc
af,gracias,nc0p000
-,-,-
-,-,-
-,-,-
-,-,-
-,-,-
*,Igual,rg
*,mente,nc0s000
-,-,-
-,-,-
-,-,-
-,-,-
-,-,-
*,Muchasgracias,np00000
*,y,cc
*,oye,vmip000
*,en,sp000
*,caso,nc0s000
*,de,sp000
*,que,cs
*,yo,pp000000
*,no,rn
*,tenga,vmsp000
*,mail,nc0s000
*,que,pr000000
*,pasa,vmip000
-,-,-
-,-,-
-,-,-
-,-,-
-,-,-
*,Ok,pp000000
*,no,rn
*,yo,pp000000
*,creo,vmip000
*,k,pi000000
*,no,rn
*,igual,aq0000
*,en,sp000
*,pero,cc
*,igual,aq0000
*,si,cs
*,esta,dd0000
*,bien,nc0s000
*,que,pr000000
-,-,-
-,-,-
-,-,-
-,-,-
-,-,-
*,Claro,rg
*,que,cs
af,si,cs
-,-,-
-,-,-
-,-,-
-,-,-
-,-,-
*,Buenas,aq0000
*,tardes,nc0p000
-,-,-
-,-,-
-,-,-
-,-,-
-,-,-
vb,Quiciera,vmsi000
ad,una,di0000
pr,promocion,nc0s000
*,pero,cc
*,podrias,aq0000
vb,mandar,vmn0000
vb,me,pp000000
*,la,pp000000
*,mas,rg
ad,tarde,rg
-,-,-
-,-,-
-,-,-
-,-,-
-,-,-
*,ahorita,vmsp000
*,estoy,vmip000
*,trabajando,vmg0000
-,-,-
-,-,-
-,-,-
-,-,-
-,-,-
*,Pero,cc
*,las,pp000000
vb,quiero,vmip000
*,a,sp000
*,las,da0000
-,-,-
-,-,-
-,-,-
-,-,-
-,-,-
*,Para,sp000
ad,hoy,nc0s000
-,-,-
-,-,-
-,-,-
-,-,-
-,-,-
*,Se,p0000000
*,podra,vmip000
-,-,-
-,-,-
-,-,-
-,-,-
-,-,-
af,Ok,pp000000
*,esta,dd0000
af,bien,nc0s000
*,gracias,nc0p000
-,-,-
-,-,-
-,-,-
-,-,-
-,-,-
*,Oye,vsis000
*,la,da0000
vb,quisiera,vmsi000
*,a,sp000
*,las,da0000
ad,8,z0
ad,en,sp000
ad,punto,nc0s000
-,-,-
-,-,-
-,-,-
-,-,-
-,-,-
af,Si,cs
-,-,-
-,-,-
-,-,-
-,-,-
-,-,-
*,Y,cc
af,si,cs
*,gracias,nc0p000
-,-,-
-,-,-
-,-,-
-,-,-
-,-,-
*,Cualquier,di0000
*,cosa,nc0s000
*,te,p0000000
*,aviso,nc0s000
-,-,-
-,-,-
-,-,-
-,-,-
-,-,-
ng,No,rn
-,-,-
-,-,-
-,-,-
-,-,-
-,-,-
*,hasta,sp000
*,las,da0000
*,8,z0
-,-,-
-,-,-
-,-,-
-,-,-
-,-,-
*,Estare,np00000
-,-,-
-,-,-
-,-,-
-,-,-
-,-,-
*,Ahi,np00000
-,-,-
-,-,-
-,-,-
-,-,-
-,-,-
*,Gracias,np00000
*,a,sp000
*,ti,pp000000
-,-,-
-,-,-
-,-,-
-,-,-
-,-,-
*,Hola,i
*,que,cs
*,tal,dd0000
*,buenas,aq0000
*,tardes,nc0p000
-,-,-
-,-,-
-,-,-
-,-,-
-,-,-
vr,Quiciera,vmsi000
ad,una,di0000
pr,promocion,nc0s000
*,de,sp000
ad,24,z0
*,mas,rg
ad,9,z0
*,de,sp000
pr,bud,nc0s000
-,-,-
-,-,-
-,-,-
-,-,-
-,-,-
*,Ah,i
af,ok,np00000
-,-,-
-,-,-
-,-,-
-,-,-
-,-,-
*,Jaja,np00000
*,que,pr000000
*,mala,aq0000
*,suerte,nc0s000
-,-,-
-,-,-
-,-,-
-,-,-
-,-,-
*,Jajaja,np00000
*,nombre,nc0s000
*,como,cs
*,crees,vmip000
-,-,-
-,-,-
-,-,-
-,-,-
-,-,-
*,Solo,aq0000
-,-,-
-,-,-
-,-,-
-,-,-
-,-,-
*,que,pr000000
*,ha,vaip000
*,habido,vap0000
*,mucho,di0000
*,trabajo,nc0s000
*,y,cc
*,estoy,vmip000
*,aqui,vsis000
*,pegado,vmp0000
-,-,-
-,-,-
-,-,-
-,-,-
-,-,-
*,Todo,di0000
*,el,da0000
*,dia,nc0s000
*,hasta,sp000
*,las,da0000
*,12,z0
-,-,-
-,-,-
-,-,-
-,-,-
-,-,-
*,Pero,cc
*,igual,rg
*,manana,nc0s000
*,te,p0000000
*,mando,vmip000
*,un,di0000
*,mensaje,nc0s000
-,-,-
-,-,-
-,-,-
-,-,-
-,-,-
*,Para,sp000
vr,ver,vmn0000
af,si,cs
vr,hay,vaip000
ad,alguma,nc0s000
pr,promocion,aq0000
af,si,cs
-,-,-
-,-,-
-,-,-
-,-,-
-,-,-
af,Ok,pp000000
*,muchas,aq0000
af,gracias,nc0p000
-,-,-
-,-,-
-,-,-
-,-,-
-,-,-
af,Ok,rn
af,gracias,nc0p000
*,anahi,np00000
-,-,-
-,-,-
-,-,-
-,-,-
-,-,-
*,Como,cs
*,obtuviste,vmis000
*,mi,dp0000
*,numero,aq0000
*,?,fit
-,-,-
-,-,-
-,-,-
-,-,-
-,-,-
*,Si,cs
*,porfa,nc0s000
*,para,sp000
*,saber,vmn0000
*,a,sp000
*,ver,vmn0000
*,si,cs
*,te,p0000000
*,pido,vmip000
*,algo,pi000000
*,en,sp000
*,un,di0000
*,rato,nc0s000
*,mas,rg
-,-,-
-,-,-
-,-,-
-,-,-
-,-,-
*,Para,sp000
*,que,cs
vr,vengas,nc0p000
*,por,sp000
*,unas,di0000
pr,chelas,np00000
*,haha,np00000
-,-,-
-,-,-
-,-,-
-,-,-
-,-,-
af,Si,cs
*,yo,pp000000
*,creo,vmip000
*,que,cs
af,si,cs
*,de,sp000
*,ratito,nc0s000
*,te,p0000000
*,mando,vmip000
*,un,di0000
*,whats,nc0p000
*,va,vmip000
-,-,-
-,-,-
-,-,-
-,-,-
-,-,-
*,Para,sp000
*,que,cs
*,seas,nc0p000
*,mi,dp0000
*,agente,nc0s000
*,de,sp000
*,ventas,nc0p000
-,-,-
-,-,-
-,-,-
-,-,-
-,-,-
af,Ya,rg
af,esta,dd0000
-,-,-
-,-,-
-,-,-
-,-,-
-,-,-
*,Me,pp000000
vr,puedes,vmip000
vr,mandar,vmn0000
ad,un,di0000
ad,24,z0
*,de,sp000
pr,bud,nc0s000
-,-,-
-,-,-
-,-,-
-,-,-
-,-,-
*,Y,cc
*,mi,dp0000
ad,six,nc0n000
*,de,sp000
*,regalo,nc0s000
-,-,-
-,-,-
-,-,-
-,-,-
-,-,-
*,Por,sp000
*,primera,ao0000
*,compra,nc0s000
*,para,sp000
*,casa,nc0s000
*,de,sp000
*,mis,dp0000
*,papas,nc00000
*,jiji,aq0000
-,-,-
-,-,-
-,-,-
-,-,-
-,-,-
vr,Con,sp000
pr,hielo,nc0s000
*,para,sp000
*,la,da0000
pr,hielera,nc0s000
*,porfavor,aq0000
-,-,-
-,-,-
-,-,-
-,-,-
-,-,-
*,Cuanto,cs
*,seria,aq0000
*,en,sp000
*,total,aq0000
*,195,z0
*,?,fit
-,-,-
-,-,-
-,-,-
-,-,-
-,-,-
*,Te,pp000000
*,pago,nc0s000
*,con,sp000
*,200,z0
-,-,-
-,-,-
-,-,-
-,-,-
-,-,-
af,Ok,rn
af,gracias,nc0p000
-,-,-
-,-,-
-,-,-
-,-,-
-,-,-
*,Buenas,aq0000
*,tardes,nc0p000
-,-,-
-,-,-
-,-,-
-,-,-
-,-,-
*,Que,cs
pr,promo,vmsp000
vr,hay,vaip000
ad,hoy,rg
-,-,-
-,-,-
-,-,-
-,-,-
-,-,-
*,Y,cc
*,ya,rg
*,no,rn
vr,hay,vaip000
*,nada,pi000000
*,de,sp000
pr,regalo,nc0s000
-,-,-
-,-,-
-,-,-
-,-,-
-,-,-
*,Y,cc
*,a,sp000
*,que,cs
*,numero,np00000
*,pide,vmip000
*,una,di0000
*,promo,nc0s000
*,un,di0000
*,cliente,nc0s000
*,nuevo,aq0000
*,?,fit
-,-,-
-,-,-
-,-,-
-,-,-
-,-,-
*,Seria,np00000
*,a,sp000
*,otra,di0000
*,direccion,nc0s000
-,-,-
-,-,-
-,-,-
-,-,-
-,-,-
*,Este,pd000000
*,la,da0000
*,primera,ao0000
*,vez,nc0s000
*,estaba,vmii000
*,en,sp000
*,casa,nc0s000
*,de,sp000
*,mis,dp0000
*,papas,nc00000
*,pero,cc
*,ahora,rg
*,estoy,vmip000
*,en,sp000
*,mi,dp0000
*,casa,nc0s000
*,pero,cc
*,te,pp000000
*,puedo,vmip000
*,pedir,vmn0000
*,por,sp000
*,aqui,nc0s000
*,dandote,aq0000
*,mi,dp0000
*,direccion,nc0s000
*,y,cc
*,te,p0000000
*,doy,vmip000
*,el,da0000
*,nombre,nc0s000
*,de,sp000
*,mi,dp0000
*,vieja,aq0000
-,-,-
-,-,-
-,-,-
-,-,-
-,-,-
af,Ok,rn
-,-,-
-,-,-
-,-,-
-,-,-
-,-,-
*,Seria,np00000
*,para,sp000
*,mas,rg
*,tarde,rg
*,pero,cc
*,te,pp000000
*,lo,pp000000
*,paso,nc0s000
*,de,sp000
*,una,di0000
*,vez,nc0s000
*,o,cc
*,hasta,sp000
*,mas,rg
*,tarde,rg
-,-,-
-,-,-
-,-,-
-,-,-
-,-,-
af,Gracias,np00000
-,-,-
-,-,-
-,-,-
-,-,-
-,-,-
*,Ahorita,vmm0000
*,esta,dd0000
*,jalando,vmg0000
*,sale,vmip000
*,a,sp000
*,las,da0000
*,6,z0
*,te,p0000000
*,lo,pp000000
*,paso,vmip000
*,y,cc
*,ya,rg
*,le,pp000000
*,marcan,vmip000
-,-,-
-,-,-
-,-,-
-,-,-
-,-,-
*,Ilsse,np00000
*,ruiz,np00000
*,hernandez,aq0000
-,-,-
-,-,-
-,-,-
-,-,-
-,-,-
*,8,z0
*,30,z0
-,-,-
-,-,-
-,-,-
-,-,-
-,-,-
*,Pagare,np00000
*,con,sp000
*,500,z0
-,-,-
-,-,-
-,-,-
-,-,-
-,-,-
*,8,z0
-,-,-
-,-,-
-,-,-
-,-,-
-,-,-
*,Gracias,np00000
-,-,-
-,-,-
-,-,-
-,-,-
-,-,-
af,Si,cs
-,-,-
-,-,-
-,-,-
-,-,-
-,-,-
*,Ya,rg
*,no,rn
*,tengo,vmip000
*,pila,nc0s000
*,para,sp000
*,que,cs
*,le,pp000000
*,marquen,vmsp000
*,porfavor,aq0000
-,-,-
-,-,-
-,-,-
-,-,-
-,-,-
*,Buenas,aq0000
-,-,-
-,-,-
-,-,-
-,-,-
-,-,-
*,Noches,np00000
*,si,cs
*,mandaron,vmis000
*,mi,dp0000
*,pedido,nc0s000
-,-,-
-,-,-
-,-,-
-,-,-
-,-,-
*,No,rn
*,ha,vaip000
*,llegado,vmp0000
-,-,-
-,-,-
-,-,-
-,-,-
-,-,-
*,No,rn
*,le,pp000000
*,han,vaip000
*,marcado,vmp0000
-,-,-
-,-,-
-,-,-
-,-,-
-,-,-
af,Si,cs
-,-,-
-,-,-
-,-,-
-,-,-
-,-,-
*,Ojala,np00000
*,no,rn
*,tarden,vmip000
*,ya,rg
*,estoy,vmip000
*,aqui,nc0s000
*,esperando,vmg0000
-,-,-
-,-,-
-,-,-
-,-,-
-,-,-
af,Ok,rn
-,-,-
-,-,-
-,-,-
-,-,-
-,-,-
*,No,rn
*,han,vaip000
*,llegado,vmp0000
-,-,-
-,-,-
-,-,-
-,-,-
-,-,-
*,Ni,cc
*,han,vaip000
*,marcado,vmp0000
-,-,-
-,-,-
-,-,-
-,-,-
-,-,-
af,Si,cs
af,porfa,aq0000
-,-,-
-,-,-
-,-,-
-,-,-
-,-,-
af,Ok,rn
-,-,-
-,-,-
-,-,-
-,-,-
-,-,-
*,Gracias,np00000
-,-,-
-,-,-
-,-,-
-,-,-
-,-,-
*,Ahora,rg
*,que,pr000000
*,les,pp000000
*,pasooo,vmip000
*,nada,pi000000
*,que,pr000000
*,llegan,vmip000
-,-,-
-,-,-
-,-,-
-,-,-
-,-,-
*,Ya,rg
*,llegaron,vmis000
-,-,-
-,-,-
-,-,-
-,-,-
-,-,-
*,Jeje,np00000
-,-,-
-,-,-
-,-,-
-,-,-
-,-,-
*,Venia,np00000
*,llegando,vmg0000
-,-,-
-,-,-
-,-,-
-,-,-
-,-,-
*,Buen,aq0000
*,Que,cs
pr,promocion,vais000
vr,hay,vaip000
ad,ahorita,nc0s000
-,-,-
-,-,-
-,-,-
-,-,-
-,-,-
*,Deja,vmip000
*,le,pp000000
*,hecho,aq0000
*,coco,nc0s000
-,-,-
-,-,-
-,-,-
-,-,-
-,-,-
*,Me,pp000000
*,puedes,vmip000
vr,mandar,vmn0000
ad,un,di0000
pr,24,z0
*,de,sp000
pr,bud,nc0s000
-,-,-
-,-,-
-,-,-
-,-,-
-,-,-
*,A,sp000
*,la,da0000
*,de,sp000
*,la,da0000
*,primera,ao0000
*,vez,nc0s000
-,-,-
-,-,-
-,-,-
-,-,-
-,-,-
*,Con,sp000
pr,hielo,nc0s000
-,-,-
-,-,-
-,-,-
-,-,-
-,-,-
*,En,sp000
*,cuanto,rg
*,llegan,vmip000
*,aproximadamente,rg
-,-,-
-,-,-
-,-,-
-,-,-
-,-,-
*,Ya,rg
*,llegaron,vmis000
*,gracias,nc0p000
-,-,-
-,-,-
-,-,-
-,-,-
-,-,-
-,-,-
-,-,-
-,-,-
-,-,-
-,-,-
*,Ya,rg
*,tienen,vmip000
*,mis,dp0000
*,datos,nc0p000
-,-,-
-,-,-
-,-,-
-,-,-
-,-,-
af,Ok,rn
-,-,-
-,-,-
-,-,-
-,-,-
-,-,-
*,Que,pr000000
-,-,-
-,-,-
-,-,-
-,-,-
-,-,-
*,Pero,cc
*,que,pr000000
pr,promos,vssp000
vr,tienes,vmip000
*,?,fit
-,-,-
-,-,-
-,-,-
-,-,-
-,-,-
vr,Nesesito,np00000
vr,checarlo,aq0000
*,por,sp000
*,que,cs
vr,estan,vmip000
*,casi,rg
*,igual,aq0000
*,que,pr000000
*,en,sp000
*,la,da0000
*,tienda,nc0s000
-,-,-
-,-,-
-,-,-
-,-,-
-,-,-
ng,No,rn
*,gracias,nc0p000
-,-,-
-,-,-
-,-,-
-,-,-
-,-,-
*,Como,cs
vr,esta,dd0000
*,?,fit
-,-,-
-,-,-
-,-,-
-,-,-
-,-,-
*,Y,cc
*,el,da0000
ad,24,z0
-,-,-
-,-,-
-,-,-
-,-,-
-,-,-
vr,Cuanto,cs
*,?,fit
-,-,-
-,-,-
-,-,-
-,-,-
-,-,-
*,el,da0000
ad,12,z0
pr,pack,nc0s000
*,de,sp000
pr,Modelo,np00000
pr,Especial,np00000
*,en,sp000
*,$,pi000000
ad,130,z0
-,-,-
-,-,-
-,-,-
-,-,-
-,-,-
*,Me,pp000000
vr,puedes,vmip000
vr,mandar,vmn0000
ad,una,di0000
pr,promo,nc0s000
*,?,fit
-,-,-
-,-,-
-,-,-
-,-,-
-,-,-
*,De,sp000
pr,bud,np00000
-,-,-
-,-,-
-,-,-
-,-,-
-,-,-
vr,Cuanto,cs
vr,tardarian,vmip000
-,-,-
-,-,-
-,-,-
-,-,-
-,-,-
*,De,sp000
ad,30,z0
-,-,-
-,-,-
-,-,-
-,-,-
-,-,-
*,Pero,cc
*,seguro,aq0000
-,-,-
-,-,-
-,-,-
-,-,-
-,-,-
*,Que,cs
ng,no,rn
*,dura,vmip000
*,mas,rg
-,-,-
-,-,-
-,-,-
-,-,-
-,-,-
ng,No,rn
-,-,-
-,-,-
-,-,-
-,-,-
-,-,-
vr,vamos,vmip000
*,a,sp000
vr,pagar,vmn0000
ad,completo,aq0000
-,-,-
-,-,-
-,-,-
-,-,-
-,-,-
af,Ok,rn
-,-,-
-,-,-
-,-,-
-,-,-
-,-,-
af,Gracias,np00000
-,-,-
-,-,-
-,-,-
-,-,-
-,-,-
*,Disculpa,nc0s000
*,ya,rg
*,casi,rg
*,la,da0000
*,hora,nc0s000
*,y,cc
ng,no,rn
vr,han,vaip000
vr,llegado,vmp0000
-,-,-
-,-,-
-,-,-
-,-,-
-,-,-
*,O,cc
vr,pasa,vmip000
*,me,pp000000
*,el,da0000
*,telefono,nc0s000
*,de,sp000
*,el,da0000
*,repartidor,nc0s000
-,-,-
-,-,-
-,-,-
-,-,-
-,-,-
af,Gracias,np00000
*,ya,rg
vr,llego,vmis000
-,-,-
-,-,-
-,-,-
-,-,-
-,-,-
pr,Promociones,np00000
*,?,fit
-,-,-
-,-,-
-,-,-
-,-,-
-,-,-
*,Hola,i
-,-,-
-,-,-
-,-,-
-,-,-
-,-,-
*,Que,pr000000
pr,promos,vssp000
vr,tienes,vmip000
-,-,-
-,-,-
-,-,-
-,-,-
-,-,-
af,Buena,aq0000
pr,promo,nc0s000
-,-,-
-,-,-
-,-,-
-,-,-
-,-,-
*,Jaja,np00000
-,-,-
-,-,-
-,-,-
-,-,-
-,-,-
*,Algo,rg
af,mejor,aq0000
-,-,-
-,-,-
-,-,-
-,-,-
-,-,-
*,Que,cs
*,me,p0000000
vr,pidas,vmsp000
vr,ofrecer,vmn0000
-,-,-
-,-,-
-,-,-
-,-,-
-,-,-
*,Pues,cs
pr,bud,nc0s000
-,-,-
-,-,-
-,-,-
-,-,-
-,-,-
*,Para,sp000
vr,animar,vmn0000
*,me,pp000000
-,-,-
-,-,-
-,-,-
-,-,-
-,-,-
af,Si,cs
*,la,da0000
*,misma,di0000
*,direccion,nc0s000
-,-,-
-,-,-
-,-,-
-,-,-
-,-,-
*,Yo,pp000000
vr,estare,np00000
*,ahi,np00000
*,despues,rg
*,de,sp000
*,las,da0000
ad,ocho,nc0p000
-,-,-
-,-,-
-,-,-
-,-,-
-,-,-
*,Pues,cs
*,el,da0000
ad,30,z0
-,-,-
-,-,-
-,-,-
-,-,-
-,-,-
*,ay,i
af,gracias,nc0p000
-,-,-
-,-,-
-,-,-
-,-,-
-,-,-
af,Ok,rn
-,-,-
-,-,-
-,-,-
-,-,-
-,-,-
*,Entonces,rg
*,me,pp000000
*,lo,pp000000
vr,llevan,vmip000
*,despues,rg
*,de,sp000
*,las,da0000
ad,ocho,nc0p000
-,-,-
-,-,-
-,-,-
-,-,-
-,-,-
ad,Hoy,rg
*,?,fit
-,-,-
-,-,-
-,-,-
-,-,-
-,-,-
af,Ok,rn
-,-,-
-,-,-
-,-,-
-,-,-
-,-,-
ng,No,rn
*,se,p0000000
*,que,cs
vr,puedan,vmsp000
vr,mandar,vmn0000
-,-,-
-,-,-
-,-,-
-,-,-
-,-,-
vr,Hay,vaip000
*,opciones,nc0p000
-,-,-
-,-,-
-,-,-
-,-,-
-,-,-
vr,Voy,vmip000
*,seguido,vmp0000
*,a,sp000
*,el,da0000
*,pero,cc
*,pues,cs
pr,lentes,nc0p000
pr,hieleras,nc0p000
*,algo,pi000000
*,la,pp000000
pr,gorra,vmsp000
ng,no,rn
*,me,pp000000
vr,serviria,vmip000
-,-,-
-,-,-
-,-,-
-,-,-
-,-,-
*,Le,pp000000
vr,voy,vmip000
af,mas,rg
*,a,sp000
pr,lentes,nc0p000
-,-,-
-,-,-
-,-,-
-,-,-
-,-,-
*,boletos,nc0p000
*,para,sp000
pr,hielera,nc0s000
-,-,-
-,-,-
-,-,-
-,-,-
-,-,-
*,Hola,i
-,-,-
-,-,-
-,-,-
-,-,-
-,-,-
*,Me,pp000000
vr,dijieron,vmis000
*,que,cs
vr,tendrian,vmip000
*,presentes,aq0000
*,para,sp000
*,el,da0000
*,dia,nc0s000
*,de,sp000
*,las,da0000
*,madres,nc0p000
-,-,-
-,-,-
-,-,-
-,-,-
-,-,-
ad,Manana,np00000
vr,podrias,nc0p000
-,-,-
-,-,-
-,-,-
-,-,-
-,-,-
*,A,sp000
*,las,da0000
ad,ocho,nc0p000
-,-,-
-,-,-
-,-,-
-,-,-
-,-,-
*,?,fit
-,-,-
-,-,-
-,-,-
-,-,-
-,-,-
*,A,sp000
*,el,da0000
ad,tiempo,nc0s000
*,por,sp000
*,favor,nc0s000
-,-,-
-,-,-
-,-,-
-,-,-
-,-,-
vr,Pagare,np00000
*,con,sp000
ad,200,z0
-,-,-
-,-,-
-,-,-
-,-,-
-,-,-
af,Si,cs
vr,quiero,vmip000
ad,mas,rg
*,te,pp000000
vr,puedo,vmip000
vr,avisar,vmn0000
-,?,fit
-,-,-
-,-,-
-,-,-
-,-,-
-,-,-
ng,No,rn
*,hay,vaip000
*,nada,pi000000
*,extra,aq0000
*,si,cs
vr,recomiendo,vmg0000
*,gente,nc0s000
*,?,fit
-,-,-
-,-,-
-,-,-
-,-,-
-,-,-
*,Para,sp000
vr,recomendar,vmn0000
*,te,pp000000
*,a,sp000
*,mis,dp0000
*,amigas,nc0p000
*,jaja,aq0000
-,-,-
-,-,-
-,-,-
-,-,-
-,-,-
*,O,cc
*,es,vsip000
*,lo,da0000
*,mismo,di0000
af,si,cs
*,las,da0000
vr,encargo,nc0s000
*,yo,pp000000
-,-,-
-,-,-
-,-,-
-,-,-
-,-,-
*,De,sp000
vr,que,pr000000
*,trata,vmip000
*,?,fit
-,-,-
-,-,-
-,-,-
-,-,-
-,-,-
*,ah,vmis000
*,en,sp000
*,serio,aq0000
-,-,-
-,-,-
-,-,-
-,-,-
-,-,-
*,Aparte,np00000
*,de,sp000
*,la,da0000
pr,promo,nc0s000
-,-,-
-,-,-
-,-,-
-,-,-
-,-,-
*,Haber,np00000
vr,manda,vmip000
vr,me,pp000000
*,la,da0000
-,-,-
-,-,-
-,-,-
-,-,-
-,-,-
*,Y,cc
*,como,cs
vr,hago,vmip000
*,valida,vmip000
*,la,da0000
pr,promocion,nc0s000
*,?,fit
-,-,-
-,-,-
-,-,-
-,-,-
-,-,-
af,Si,cs
*,verdad,nc0s000
-,-,-
-,-,-
-,-,-
-,-,-
-,-,-
*,Bueno,i
*,les,pp000000
vr,voy,vmip000
*,a,sp000
vr,decir,vmn0000
*,a,sp000
vr,ver,vmn0000
*,que,cs
*,dicen,vmip000
-,-,-
-,-,-
-,-,-
-,-,-
-,-,-
*,Por,sp000
*,lo,da0000
*,pronto,rg
*,asi,np00000
*,como,cs
vr,habiamos,van0000
vr,quedado,vmp0000
-,-,-
-,-,-
-,-,-
-,-,-
-,-,-
af,Ok,rn
-,-,-
-,-,-
-,-,-
-,-,-
-,-,-
*,Oye,vmm0000
*,esa,dd0000
pr,promocion,nc0s000
*,como,cs
vr,esta,dd0000
*,?,fit
-,-,-
-,-,-
-,-,-
-,-,-
-,-,-
*,Pero,cc
vr,trae,vmip000
ad,un,di0000
pr,cupon,nc0s000
*,gratis,rg
*,?,fit
-,-,-
-,-,-
-,-,-
-,-,-
-,-,-
*,Haaa,np00000
-,-,-
-,-,-
-,-,-
-,-,-
-,-,-
*,Pero,cc
vr,tengo,vmip000
*,que,cs
vr,ir,vmn0000
*,a,sp000
*,la,da0000
*,tienda,nc0s000
-,-,-
-,-,-
-,-,-
-,-,-
-,-,-
*,A,sp000
vr,cambiar,vmn0000
vr,lo,pp000000
-,-,-
-,-,-
-,-,-
-,-,-
-,-,-
*,Es,vsip000
*,por,sp000
*,tel,nc0s000
*,?,fit
-,-,-
-,-,-
-,-,-
-,-,-
-,-,-
*,En,sp000
*,serio,aq0000
-,-,-
-,-,-
-,-,-
-,-,-
-,-,-
*,Pues,cs
af,mejor,rg
*,ese,dd0000
-,-,-
-,-,-
-,-,-
-,-,-
-,-,-
*,El,da0000
*,de,sp000
ad,235,z0
-,-,-
-,-,-
-,-,-
-,-,-
-,-,-
*,Haa,np00000
*,pero,cc
pr,dominos,np00000
ng,no,rn
vr,tiene,vmip000
*,para,sp000
*,aca,nc0s000
-,-,-
-,-,-
-,-,-
-,-,-
-,-,-
ad,Manana,np00000
*,a,sp000
*,las,da0000
ad,ocho,dn0000
*,entonces,rg
*,verdad,nc0s000
*,?,fit
-,-,-
-,-,-
-,-,-
-,-,-
-,-,-
af,Ok,rn
-,-,-
-,-,-
-,-,-
-,-,-
-,-,-
*,Ese,dd0000
af,mejor,aq0000
-,-,-
-,-,-
-,-,-
-,-,-
-,-,-
*,Hola,i
-,-,-
-,-,-
-,-,-
-,-,-
-,-,-
*,Buenas,aq0000
*,tardes,nc0p000
-,-,-
-,-,-
-,-,-
-,-,-
-,-,-
*,Oye,vmm0000
*,aqui,nc0s000
vr,estan,vmip000
*,los,da0000
*,de,sp000
pr,modelo,nc0s000
-,-,-
-,-,-
-,-,-
-,-,-
-,-,-
vr,Dicen,vmip000
*,que,cs
ng,no,rn
vr,traen,vmip000
*,mi,dp0000
pr,pedido,nc0s000
-,-,-
-,-,-
-,-,-
-,-,-
-,-,-
*,Como,cs
*,te,p0000000
*,lo,pp000000
vr,hice,vmip000
-,-,-
-,-,-
-,-,-
-,-,-
-,-,-
*,De,sp000
ad,30,z0
pr,latas,nc0p000
*,con,sp000
ad,9,z0
*,de,sp000
*,regalo,nc0s000
-,-,-
-,-,-
-,-,-
-,-,-
-,-,-
*,Pues,cs
*,aqui,nc0s000
vr,estan,vmip000
-,-,-
-,-,-
-,-,-
-,-,-
-,-,-
*,Pero,cc
*,que,cs
ng,no,rn
vr,pedi,vmip000
*,esa,dd0000
pr,promo,nc0s000
-,-,-
-,-,-
-,-,-
-,-,-
-,-,-
*,Me,pp000000
vr,quieren,vmip000
vr,dejar,vmn0000
*,solo,aq0000
ad,30,z0
pr,latas,nc0p000
-,-,-
-,-,-
-,-,-
-,-,-
-,-,-
*,Sin,sp000
*,las,da0000
ad,nueve,nc0p000
-,-,-
-,-,-
-,-,-
-,-,-
-,-,-
*,Que,cs
vr,paso,nc0s000
*,?,fit
-,-,-
-,-,-
-,-,-
-,-,-
-,-,-
*,Y,cc
*,luego,rg
-,-,-
-,-,-
-,-,-
-,-,-
-,-,-
af,Ya,rg
vr,estan,vmip000
*,aqui,nc0s000
-,-,-
-,-,-
-,-,-
-,-,-
-,-,-
af,Ya,rg
*,se,p0000000
vr,fue,vmis000
-,-,-
-,-,-
-,-,-
-,-,-
-,-,-
*,Me,pp000000
vr,haces,vmip000
*,el,da0000
pr,pedido,nc0s000
*,de,sp000
*,nuevo,aq0000
-,-,-
-,-,-
-,-,-
-,-,-
-,-,-
*,O,cc
*,que,cs
*,onda,nc0s000
-,-,-
-,-,-
-,-,-
-,-,-
-,-,-
ng,No,rn
*,se,p0000000
*,vale,vmip000
-,-,-
-,-,-
-,-,-
-,-,-
-,-,-
*,Hoy,rg
vr,vengo,vmip000
*,en,sp000
*,friega,nc0s000
*,de,sp000
*,el,da0000
*,trabajo,nc0s000
-,-,-
-,-,-
-,-,-
-,-,-
-,-,-
*,O,cc
*,lo,da0000
vr,hago,vmip000
*,por,sp000
*,telefono,nc0s000
*,el,da0000
pr,pedido,nc0s000
-,-,-
-,-,-
-,-,-
-,-,-
-,-,-
*,Pues,cs
*,me,p0000000
vr,queria,vmip000
vr,dejar,vmn0000
*,las,da0000
ad,30,z0
*,nada,pi000000
*,mas,rg
-,-,-
-,-,-
-,-,-
-,-,-
-,-,-
*,Me,pp000000
vr,dijo,vmis000
*,que,cs
ng,no,rn
*,me,pp000000
vr,podia,vmip000
vr,dar,vmn0000
*,las,da0000
ad,nueve,nc0p000
-,-,-
-,-,-
-,-,-
-,-,-
-,-,-
af,Ok,rn
-,-,-
-,-,-
-,-,-
-,-,-
-,-,-
*,Hola,i
-,-,-
-,-,-
-,-,-
-,-,-
-,-,-
vr,Quiero,vmip000
vr,hacer,vmn0000
*,un,di0000
pr,pedido,nc0s000
*,para,sp000
*,la,da0000
pr,promocion,nc0s000
*,de,sp000
*,los,da0000
pr,boletos,nc0p000
*,de,sp000
*,david,nc0s000
*,guetta,aq0000
-,-,-
-,-,-
-,-,-
-,-,-
-,-,-
vr,Pedir,vmn0000
ad,600,z0
*,pesos,zm
*,de,sp000
pr,cerveza,nc0s000
-,-,-
-,-,-
-,-,-
-,-,-
-,-,-
*,Es,vsip000
vr,compra,nc0s000
ad,nueva,aq0000
-,-,-
-,-,-
-,-,-
-,-,-
-,-,-
vr,Estaba,vmii000
vr,haciendo,vmg0000
*,el,da0000
pr,pedido,nc0s000
*,por,sp000
*,la,da0000
*,app,nc0s000
*,pero,cc
vr,quise,vmis000
*,mejor,rg
*,asegurar,vmn0000
*,me,pp000000
-,-,-
-,-,-
-,-,-
-,-,-
-,-,-
*,Rio,np00000
*,Amazonas,np00000
*,117,z0
*,colonia,nc0s000
*,Roma,np00000
-,-,-
-,-,-
-,-,-
-,-,-
-,-,-
*,Monterrey,np00000
*,nuevo,aq0000
*,leon,nc0s000
-,-,-
-,-,-
-,-,-
-,-,-
-,-,-
*,Daniel,np00000
*,juventino,aq0000
*,Garza,np00000
*,Garza,np00000
-,-,-
-,-,-
-,-,-
-,-,-
-,-,-
-,-,-
-,-,-
-,-,-
-,-,-
-,-,-
-,-,-
-,-,-
*,Y,cc
ng,no,rn
*,me,pp000000
vr,puedes,vmip000
vr,enviar,vmn0000
*,los,da0000
ad,600,z0
*,pesos,zm
*,?,fit
-,-,-
-,-,-
-,-,-
-,-,-
-,-,-
*,Me,pp000000
*,las,da0000
vr,podrian,vmip000
vr,enviar,vmn0000
*,a,sp000
*,el,da0000
ad,tiempo,nc0s000
*,?,fit
-,-,-
-,-,-
-,-,-
-,-,-
-,-,-
af,Ok,pp000000
*,pues,cs
*,los,da0000
ad,dos,dn0000
vr,estan,vmip000
af,bien,rg
-,-,-
-,-,-
-,-,-
-,-,-
-,-,-
af,Perfecto,aq0000
*,con,sp000
*,que,pr000000
*,me,p0000000
vr,asegures,vmsp000
*,que,cs
*,me,pp000000
vr,dan,vmip000
*,los,da0000
pr,boletos,nc0p000
vr,esta,dd0000
af,perfecto,aq0000
-,-,-
-,-,-
-,-,-
-,-,-
-,-,-
*,Pues,cs
*,ya,rg
-,-,-
-,-,-
-,-,-
-,-,-
-,-,-
*,Me,pp000000
vr,podrias,aq0000
vr,mandar,vmn0000
ad,un,di0000
ad,12,z0
ad,frio,nc0s000
*,?,fit
-,-,-
-,-,-
-,-,-
-,-,-
-,-,-
*,Ah,i
af,perfecto,aq0000
vr,confio,vmip000
*,en,sp000
pr,modelo,nc0s000
pr,now,aq0000
-,-,-
-,-,-
-,-,-
-,-,-
-,-,-
ad,720,z0
-,-,-
-,-,-
-,-,-
-,-,-
-,-,-
af,Perfecto,aq0000
*,y,cc
*,como,cs
vr,esta,dd0000
*,la,da0000
*,mecanica,aq0000
*,de,sp000
*,los,da0000
pr,boletos,nc0p000
*,?,fit
-,-,-
-,-,-
-,-,-
-,-,-
-,-,-
af,Perfecto,aq0000
-,-,-
-,-,-
-,-,-
-,-,-
-,-,-
af,Claro,rg
af,que,cs
af,si,cs
*,la,pp000000
vr,espero,vmip000
*,con,sp000
*,ansias,nc0p000
-,-,-
-,-,-
-,-,-
-,-,-
-,-,-
*,Jaja,np00000
-,-,-
-,-,-
-,-,-
-,-,-
-,-,-
af,Claro,rg
*,aqui,vmis000
*,en,sp000
*,la,da0000
*,mano,nc0s000
*,lo,pp000000
vr,tengo,vmip000
-,-,-
-,-,-
-,-,-
-,-,-
-,-,-
*,PM,np00000
*,Las,pp000000
*,llamadas,nc0p000
*,y,cc
*,mensajes,nc0p000
*,enviados,aq0000
*,a,sp000
*,este,dd0000
*,chat,nc0s000
*,ahora,rg
vr,estan,vmip000
*,seguros,nc0p000
*,con,sp000
*,cifrado,aq0000
*,de,sp000
*,extremo,nc0s000
*,a,sp000
*,Toca,np00000
*,para,sp000
*,mas,rg
-,-,-
-,-,-
-,-,-
-,-,-
-,-,-
af,Ya,rg
*,me,pp000000
vr,llego,vmip000
*,pero,cc
ng,no,rn
*,me,p0000000
vr,llego,vmip000
*,el,da0000
ad,12,z0
ad,frio,nc0s000
-,-,-
-,-,-
-,-,-
-,-,-
-,-,-
*,No,rn
af,ya,rg
af,me,p0000000
vr,llego,vmis000
-,-,-
-,-,-
-,-,-
-,-,-
-,-,-
*,Esta,dd0000
af,bien,nc0s000
*,ya,rg
vr,puse,vmis000
*,a,sp000
vr,enfriar,vmn0000
*,unas,di0000
-,-,-
-,-,-
-,-,-
-,-,-
-,-,-
*,Esta,dd0000
af,excelente,aq0000
*,muy,rg
ad,buena,aq0000
*,forma,nc0s000
af,los,da0000
af,felicito,aq0000
-,-,-
-,-,-
-,-,-
-,-,-
-,-,-
*,Ahora,rg
vr,esperar,vmn0000
*,los,da0000
pr,boletos,nc0p000
-,-,-
-,-,-
-,-,-
-,-,-
-,-,-
af,Si,cs
*,te,pp000000
*,agradeceria,aq0000
-,-,-
-,-,-
-,-,-
-,-,-
-,-,-
af,Muy,rg
af,bien,rg
af,muchas,di0000
af,gracias,nc0p000
-,-,-
-,-,-
-,-,-
-,-,-
-,-,-
af,Gracias,i
*,que,cs
vr,tengas,vmip000
*,un,di0000
ad,excelente,aq0000
ad,domingo,w
-,-,-
-,-,-
-,-,-
-,-,-
-,-,-
*,Buenas,aq0000
*,tardes,nc0p000
-,-,-
-,-,-
-,-,-
-,-,-
-,-,-
ng,No,rn
*,aun,rg
ng,no,rn
-,-,-
-,-,-
-,-,-
-,-,-
-,-,-
*,Ya,rg
*,me,pp000000
vr,preocupe,vmsp000
-,-,-
-,-,-
-,-,-
-,-,-
-,-,-
vr,Estare,np00000
*,en,sp000
*,la,da0000
*,oficina,nc0s000
*,si,cs
*,me,p0000000
*,los,pp000000
vr,pueden,vmip000
vr,llevar,vmn0000
*,antes,rg
*,de,sp000
*,las,da0000
ad,6,z0
*,ahi,np00000
vr,estare,np00000
-,-,-
-,-,-
-,-,-
-,-,-
-,-,-
vr,Pueda,vmp0000
vr,dar,vmn0000
vr,te,pp000000
*,una,di0000
*,direccion,nc0s000
*,?,fit
-,-,-
-,-,-
-,-,-
-,-,-
-,-,-
*,Porfavor,np00000
*,te,pp000000
af,agradeceria,aq0000
af,muchisimo,aq0000
*,que,pr000000
af,si,cs
*,me,p0000000
*,los,pp000000
vr,llevaran,vmsi000
*,solo,aq0000
vr,confirmar,vmn0000
*,a,sp000
*,que,cs
*,hora,nc0s000
*,si,cs
*,?,fit
-,-,-
-,-,-
-,-,-
-,-,-
-,-,-
vr,Confie,np00000
*,mucho,rg
*,en,sp000
*,ustedes,pp000000
-,-,-
-,-,-
-,-,-
-,-,-
-,-,-
*,Si,cs
vr,quieres,vmis000
*,te,p0000000
vr,doy,vmip000
*,el,da0000
*,numero,nc0s000
*,de,sp000
pr,pedido,nc0s000
*,de,sp000
*,el,da0000
*,otro,pi000000
-,-,-
-,-,-
-,-,-
-,-,-
-,-,-
vr,Puede,vmip000
*,ser,vsn0000
*,en,sp000
*,foto,nc0s000
*,?,fit
-,-,-
-,-,-
-,-,-
-,-,-
-,-,-
af,Perfecto,aq0000
vr,deja,vmip000
vr,me,pp000000
*,de,sp000
*,la,pp000000
vr,pido,vmip000
-,-,-
-,-,-
-,-,-
-,-,-
-,-,-
af,Gracias,np00000
*,a,sp000
*,ti,pp000000
-,-,-
-,-,-
-,-,-
-,-,-
-,-,-
*,Ya,rg
vr,estoy,vmip000
*,aqui,nc0s000
*,en,sp000
*,la,da0000
*,oficina,nc0s000
vr,agradeceria,aq0000
*,que,cs
vr,llegaran,vmsi000
ad,antes,rg
*,de,sp000
*,las,da0000
ad,6,z0
*,ya,rg
vr,tengo,vmip000
*,la,da0000
*,copia,nc0s000
*,de,sp000
*,el,da0000
*,ife,nc0s000
-,-,-
-,-,-
-,-,-
-,-,-
-,-,-
*,Si,cs
af,muchas,di0000
af,gracias,nc0p000
vr,perdona,vmm0000
vr,me,pp000000
*,por,sp000
*,no,rn
vr,confirmar,vmn0000
vr,te,pp000000
*,pero,cc
*,ya,rg
af,muchas,di0000
af,gracias,nc0p000
-,-,-
-,-,-
-,-,-
-,-,-
-,-,-
*,Jajajaja,np00000
*,asi,np00000
*,es,vsip000
-,-,-
-,-,-
-,-,-
-,-,-
-,-,-
*,Aun,rg
ng,no,rn
*,se,p0000000
*,me,pp000000
vr,acaban,vmip000
*,las,da0000
*,que,pr000000
vr,pedi,vmip000
*,pero,cc
*,apenas,rg
*,se,p0000000
*,me,pp000000
vr,acaben,vmsp000
*,y,cc
af,claro,rg
*,que,cs
vr,volvere,vmsp000
*,a,sp000
vr,usar,vmn0000
*,este,dd0000
*,medio,nc0s000
*,ten,vmsp000
*,lo,da0000
*,por,sp000
*,seguro,aq0000
-,-,-
-,-,-
-,-,-
-,-,-
-,-,-
*,Que,cs
pr,promocion,vais000
vr,tiene,vmip000
ad,hoy,rg
*,?,fit
-,-,-
-,-,-
-,-,-
-,-,-
-,-,-
ad,Dos,dn0000
pr,promociones,nc0p000
ad,heladas,nc0p000
*,!!,np00000
-,-,-
-,-,-
-,-,-
-,-,-
-,-,-
af,Ok,rn
-,-,-
-,-,-
-,-,-
-,-,-
-,-,-
af,Ok,rn
-,-,-
-,-,-
-,-,-
-,-,-
-,-,-
pr,Sillas,nc0p000
*,como,cs
*,la,da0000
*,vez,nc0s000
-,-,-
-,-,-
-,-,-
-,-,-
-,-,-
*,Pues,cs
af,si,cs
vr,estaria,vmip000
*,muy,rg
ad,bien,rg
-,-,-
-,-,-
-,-,-
-,-,-
-,-,-
vr,Manda,np00000
*,me,pp000000
ad,5,z0
pr,promociones,nc0p000
*,a,sp000
*,el,da0000
ad,tiempo,nc0s000
*,para,sp000
*,manana,nc0s000
*,!!,np00000
-,-,-
-,-,-
-,-,-
-,-,-
-,-,-
*,A,sp000
*,las,da0000
ad,8,z0
*,de,sp000
*,la,da0000
ad,noche,nc0s000
-,-,-
-,-,-
-,-,-
-,-,-
-,-,-
*,Pago,nc0s000
*,en,sp000
-,-,-
-,-,-
-,-,-
-,-,-
-,-,-
*,A,sp000
*,el,da0000
ad,tiempo,nc0s000
*,por,sp000
-,-,-
-,-,-
-,-,-
-,-,-
-,-,-
*,Numero,nc0s000
*,de,sp000
pr,pedido,nc0s000
*,?,fit
-,-,-
-,-,-
-,-,-
-,-,-
-,-,-
*,Entonces,rg
vr,manda,vmip000
*,me,pp000000
ad,un,di0000
pr,paquete,nc0s000
*,hoy,rg
*,y,cc
*,otro,pi000000
-,-,-
-,-,-
-,-,-
-,-,-
-,-,-
*,Para,sp000
*,que,cs
*,asi,np00000
*,me,p0000000
vr,des,np00000
*,la,da0000
pr,promo,nc0s000
*,en,sp000
*,cada,di0000
-,-,-
-,-,-
-,-,-
-,-,-
-,-,-
*,A,sp000
*,las,da0000
ad,7,z0
*,por,sp000
*,favor,nc0s000
-,-,-
-,-,-
-,-,-
-,-,-
-,-,-
*,Solo,aq0000
ad,dos,pn000000
*,con,sp000
pr,promocion,nc0s000
*,?,fit
-,-,-
-,-,-
-,-,-
-,-,-
-,-,-
vr,Quiero,vmip000
*,las,da0000
ad,5,z0
*,con,sp000
pr,promocion,nc0s000
-,-,-
-,-,-
-,-,-
-,-,-
-,-,-
-,-,-
-,-,-
-,-,-
-,-,-
-,-,-
-,-,-
-,-,-
-,-,-
-,-,-
-,-,-
*,Y,cc
ad,dos,pn000000
-,-,-
-,-,-
-,-,-
-,-,-
-,-,-
ad,7,z0
*,y,cc
ad,8,z0
-,-,-
-,-,-
-,-,-
-,-,-
-,-,-
*,A,sp000
*,el,da0000
ad,tiempo,nc0s000
*,todas,di0000
*,por,sp000
*,favor,nc0s000
-,-,-
-,-,-
-,-,-
-,-,-
-,-,-
*,Llego,vmis000
*,a,sp000
*,mi,dp0000
*,casa,nc0s000
*,de,sp000
*,el,da0000
*,trabajo,nc0s000
*,a,sp000
*,las,da0000
*,5,z0
*,y,cc
*,otra,di0000
*,cada,di0000
*,hora,nc0s000
-,-,-
-,-,-
-,-,-
-,-,-
-,-,-
*,Como,cs
*,ves,vmip000
*,?,fit
-,-,-
-,-,-
-,-,-
-,-,-
-,-,-
af,Ok,rn
-,-,-
-,-,-
-,-,-
-,-,-
-,-,-
af,Ya,rg
vr,esta,dd0000
*,y,cc
*,manana,aq0000
-,2,z0
-,-,-
-,-,-
-,-,-
-,-,-
-,-,-
-,-,-
-,-,-
-,-,-
-,-,-
-,-,-
af,Si,cs
*,esta,dd0000
-,-,-
-,-,-
-,-,-
-,-,-
-,-,-
*,Como,cs
*,me,p0000000
vr,dices,vmip000
-,-,-
-,-,-
-,-,-
-,-,-
-,-,-
af,Ok,pp000000
*,y,cc
*,la,da0000
*,hora,nc0s000
*,!,fat
-,-,-
-,-,-
-,-,-
-,-,-
-,-,-
af,Ya,rg
vr,quedo,vmip000
*,!,fat
-,-,-
-,-,-
-,-,-
-,-,-
-,-,-
*,Cuando,cs
vr,tengas,vmip000
pr,promo,nc0s000
*,asi,np00000
-,-,-
-,-,-
-,-,-
-,-,-
-,-,-
af,Si,cs
-,-,-
-,-,-
-,-,-
-,-,-
-,-,-
af,Ya,rg
*,!,fat
-,-,-
-,-,-
-,-,-
-,-,-
-,-,-
af,Si,cs
-,-,-
-,-,-
-,-,-
-,-,-
-,-,-
*,Buenas,aq0000
*,si,cs
*,se,p0000000
*,pueden,vmip000
*,mejor,rg
-,-,-
-,-,-
-,-,-
-,-,-
-,-,-
af,Ya,rg
*,me,pp000000
vr,entregaron,vmis000
*,el,da0000
*,y,cc
*,te,pp000000
vr,voy,vmip000
*,a,sp000
vr,pedir,vmn0000
*,que,cs
*,ya,rg
ng,no,rn
*,me,pp000000
vr,mandes,vmip000
vr,tengo,vmip000
*,que,cs
vr,salir,vmn0000
*,y,cc
ng,no,rn
vr,voy,vmip000
*,a,sp000
-,-,-
-,-,-
-,-,-
-,-,-
-,-,-
*,Lo,pp000000
vr,dejamos,vmip000
*,para,sp000
*,otra,di0000
*,muchas,di0000
-,-,-
-,-,-
-,-,-
-,-,-
-,-,-
*,Que,cs
*,tengas,vmip000
*,buenas,aq0000
*,gracias,nc0p000
-,-,-
-,-,-
-,-,-
-,-,-
-,-,-
*,Hola,i
*,buenas,aq0000
*,tardes,nc0p000
af,si,cs
*,me,p0000000
vr,podras,vmip000
vr,mandar,vmn0000
ad,una,di0000
pr,promocion,nc0s000
*,para,sp000
*,manana,nc0s000
*,a,sp000
*,mediodia,nc0s000
-,-,-
-,-,-
-,-,-
-,-,-
-,-,-
af,Si,cs
*,esta,dd0000
af,bien,nc0s000
-,-,-
-,-,-
-,-,-
-,-,-
-,-,-
-,-,-
-,-,-
-,-,-
-,-,-
-,-,-
*,gracias,nc0p000
*,Anahi,np00000
*,es,vsip000
*,bueno,aq0000
*,saber,vmn0000
*,de,sp000
*,esto,pd000000
-,-,-
-,-,-
-,-,-
-,-,-
-,-,-
vr,seria,aq0000
*,para,sp000
ad,ahorita,vmn0000
*,todavia,nc0s000
*,no,rn
*,me,pp000000
*,hasta,rg
*,a,sp000
*,que,cs
*,horas,nc0p000
vr,puedo,vmip000
vr,pedir,vmn0000
*,te,pp000000
*,por,sp000
pr,botlers,np00000
-,-,-
-,-,-
-,-,-
-,-,-
-,-,-
*,y,cc
*,hoy,rg
*,hasta,sp000
*,que,cs
*,hora,nc0s000
*,anahi,aq0000
-,-,-
-,-,-
-,-,-
-,-,-
-,-,-
*,cualquier,di0000
*,cosa,nc0s000
*,te,p0000000
*,ten,vmsp000
*,bonita,aq0000
*,noche,nc0s000
-,-,-
-,-,-
-,-,-
-,-,-
-,-,-
*,buenas,aq0000
*,noches,nc0p000
-,-,-
-,-,-
-,-,-
-,-,-
-,-,-
vr,pudiera,vmsi000
vr,aprovechar,vmn0000
*,la,da0000
pr,promocion,nc0s000
*,de,sp000
*,ayer,rg
-,-,-
-,-,-
-,-,-
-,-,-
-,-,-
*,lo,pp000000
vr,pedi,vmip000
*,y,cc
*,segun,w
*,me,p0000000
*,lo,pp000000
vr,mandarian,vmip000
-,-,-
-,-,-
-,-,-
-,-,-
-,-,-
*,por,sp000
*,que,cs
ng,no,rn
*,me,pp000000
vr,contestabas,vmii000
*,que,cs
vr,hago,vmip000
-,-,-
-,-,-
-,-,-
-,-,-
-,-,-
*,pero,cc
ng,no,rn
vr,llega,vmip000
*,nada,rg
*,hoy,rg
*,entonces,rg
*,verdad,nc0s000
-,-,-
-,-,-
-,-,-
-,-,-
-,-,-
ad,bueno,aq0000
vr,ire,nc0s000
*,a,sp000
vr,comprar,vmn0000
*,entonces,rg
*,gracias,nc0p000
-,-,-
-,-,-
-,-,-
-,-,-
-,-,-
ng,no,rn
*,me,p0000000
vr,llego,vmip000
-,-,-
-,-,-
-,-,-
-,-,-
-,-,-
ng,no,rn
*,te,p0000000
vr,preocupes,vmsp000
-,-,-
-,-,-
-,-,-
-,-,-
-,-,-
af,gracias,nc0p000
*,Anahi,np00000
*,ya,rg
*,la,da0000
*,otra,di0000
*,semana,nc0s000
*,te,p0000000
vr,pido,vmip000
*,jejeje,nc0s000
-,-,-
-,-,-
-,-,-
-,-,-
-,-,-
*,podemos,vmip000
vr,programar,vmn0000
*,para,sp000
*,el,da0000
*,sabado,aq0000
*,anahi,nc0s000
-,-,-
-,-,-
-,-,-
-,-,-
-,-,-
*,me,pp000000
vr,parece,vmip000
af,bien,rg
-,-,-
-,-,-
-,-,-
-,-,-
-,-,-
af,si,cs
-,-,-
-,-,-
-,-,-
-,-,-
-,-,-
*,deja,vmip000
*,te,pp000000
*,confirmo,vmip000
-,-,-
-,-,-
-,-,-
-,-,-
-,-,-
vr,da,vmip000
*,me,pp000000
ad,1,z0
*,hora,nc0s000
*,jajaja,aq0000
*,para,sp000
*,que,pr000000
*,vaya,vmsp000
*,a,sp000
*,estar,vmn0000
*,mi,dp0000
*,amigo,nc0s000
*,ahi,np00000
-,-,-
-,-,-
-,-,-
-,-,-
-,-,-
*,deja,vmip000
*,le,pp000000
*,llamo,vmip000
-,-,-
-,-,-
-,-,-
-,-,-
-,-,-
af,si,cs
ng,no,rn
vr,cambiar,vmn0000
*,direccion,vmic000
-,-,-
-,-,-
-,-,-
-,-,-
-,-,-
*,hola,vmip000
*,jaja,nc0s000
*,se,p0000000
*,me,pp000000
*,paso,vmip000
vr,avisar,vmn0000
*,te,pp000000
*,jaja,nc0s000
-,-,-
-,-,-
-,-,-
-,-,-
-,-,-
*,puede,vmip000
vr,ser,vsn0000
*,a,sp000
*,la,da0000
*,misma,di0000
*,direccion,nc0s000
*,a,sp000
*,las,da0000
ad,11,z0
vr,llegar,vmn0000
*,la,da0000
pr,cheve,np00000
-,-,-
-,-,-
-,-,-
-,-,-
-,-,-
af,gracias,nc0p000
*,Anahi,np00000
-,-,-
-,-,-
-,-,-
-,-,-
-,-,-
af,gracias,nc0p000
*,por,sp000
vr,ser,vsn0000
*,la,da0000
*,que,pr000000
*,me,pp000000
vr,embriagara,vmsi000
*,de,sp000
*,ahora,rg
*,en,sp000
*,adelante,rg
-,-,-
-,-,-
-,-,-
-,-,-
-,-,-
af,si,cs
*,te,p0000000
vr,pago,nc0s000
*,exacto,aq0000
ad,200,z0
*,por,sp000
ad,30,z0
*,es,vsip000
*,una,di0000
*,ganga,nc0s000
-,-,-
-,-,-
-,-,-
-,-,-
-,-,-
*,jaja,nc0s000
-,-,-
-,-,-
-,-,-
-,-,-
-,-,-
*,y,cc
*,lo,da0000
*,que,pr000000
*,ocupes,vmip000
*,aqui,nc0s000
*,ando,vmip000
*,anahi,np00000
-,-,-
-,-,-
-,-,-
-,-,-
-,-,-
*,senorita,aq0000
-,-,-
-,-,-
-,-,-
-,-,-
-,-,-
*,ya,rg
vr,ves,vmip000
*,que,cs
*,la,da0000
*,policia,nc0s000
vr,dice,vmip000
*,jaja,nc0s000
*,de,sp000
*,acuerdo,nc0s000
-,-,-
-,-,-
-,-,-
-,-,-
-,-,-
*,jaja,nc0s000
-,-,-
-,-,-
-,-,-
-,-,-
-,-,-
*,ya,rg
*,lo,pp000000
vr,pedi,vmip000
*,jaja,nc0s000
*,hoy,rg
af,confirmado,aq0000
*,verdad,nc0s000
*,Anahi,np00000
*,a,sp000
*,las,da0000
ad,11,z0
-,-,-
-,-,-
-,-,-
-,-,-
-,-,-
*,jaja,nc0s000
*,a,sp000
*,mira,nc0s000
*,podria,aq0000
vr,ser,vsn0000
-,-,-
-,-,-
-,-,-
-,-,-
-,-,-
*,anahi,vmis000
-,-,-
-,-,-
-,-,-
-,-,-
-,-,-
*,me,pp000000
vr,puedes,vmip000
vr,cambiar,vmn0000
*,la,da0000
*,direccion,nc0s000
*,de,sp000
*,envio,nc0s000
-,-,-
-,-,-
-,-,-
-,-,-
-,-,-
*,mi,dp0000
*,amigo,nc0s000
*,se,p0000000
*,peleo,vmip000
*,con,sp000
*,su,dp0000
*,senora,nc0s000
-,-,-
-,-,-
-,-,-
-,-,-
-,-,-
*,y,cc
*,nos,p0000000
*,moveron,vmis000
-,-,-
-,-,-
-,-,-
-,-,-
-,-,-
*,jaja,nc0s000
-,-,-
-,-,-
-,-,-
-,-,-
-,-,-
*,se,p0000000
*,te,pp000000
*,hace,vmip000
*,que,cs
ng,no,rn
-,-,-
-,-,-
-,-,-
-,-,-
-,-,-
*,para,sp000
vr,lanzar,vmn0000
vr,me,pp000000
*,a,sp000
*,la,da0000
*,direccion,nc0s000
-,-,-
-,-,-
-,-,-
-,-,-
-,-,-
af,a,sp000
af,ok,np00000
-,-,-
-,-,-
-,-,-
-,-,-
-,-,-
af,bueno,aq0000
*,entonces,rg
ng,no,rn
*,me,pp000000
vr,llegara,vmsi000
*,nada,pi000000
-,-,-
-,-,-
-,-,-
-,-,-
-,-,-
*,?,fit
-,-,-
-,-,-
-,-,-
-,-,-
-,-,-
*,a,sp000
af,bueno,aq0000
*,entonces,rg
*,para,sp000
vr,estar,vmn0000
*,alla,nc0s000
*,a,sp000
*,las,da0000
pr,11,z0
-,-,-
-,-,-
-,-,-
-,-,-
-,-,-
*,esperando,vmg0000
*,las,da0000
pr,cheves,aq0000
-,-,-
-,-,-
-,-,-
-,-,-
-,-,-
af,gracias,nc0p000
-,-,-
-,-,-
-,-,-
-,-,-
-,-,-
af,de,sp000
af,nada,pi000000
-,-,-
-,-,-
-,-,-
-,-,-
-,-,-
-,-,-
-,-,-
-,-,-
-,-,-
-,-,-
af,Perfecto,aq0000
-,-,-
-,-,-
-,-,-
-,-,-
-,-,-
*,Que,cs
*,onda,nc0s000
vr,tienes,vmip000
pr,corona,nc0s000
*,?,fit
-,-,-
-,-,-
-,-,-
-,-,-
-,-,-
*,Tendras,vmii000
*,un,di0000
ad,12,z0
*,?,fit
-,-,-
-,-,-
-,-,-
-,-,-
-,-,-
*,Pues,cs
*,me,p0000000
vr,mandas,vmip000
*,el,da0000
ad,12,z0
*,porfavor,aq0000
-,-,-
-,-,-
-,-,-
-,-,-
-,-,-
*,Es,vsip000
*,la,da0000
*,casa,nc0s000
*,numero,aq0000
ad,191,z0
-,-,-
-,-,-
-,-,-
-,-,-
-,-,-
*,Noviembre,np00000
ad,7,z0
*,de,sp000
ad,1997,w
-,-,-
-,-,-
-,-,-
-,-,-
-,-,-
*,Se,p0000000
*,podria,vmip000
vr,agregar,vmn0000
*,un,di0000
ad,24,z0
*,de,sp000
pr,corona,nc0s000
*,?,fit
-,-,-
-,-,-
-,-,-
-,-,-
-,-,-
af,Si,cs
-,-,-
-,-,-
-,-,-
-,-,-
-,-,-
*,Cambio,np00000
*,de,sp000
ad,500,z0
*,porfavor,aq0000
-,-,-
-,-,-
-,-,-
-,-,-
-,-,-
af,Perfecto,aq0000
-,-,-
-,-,-
-,-,-
-,-,-
-,-,-
af,Claro,rg
-,-,-
-,-,-
-,-,-
-,-,-
-,-,-
*,Que,cs
*,onda,nc0s000
*,a,sp000
*,cuanto,rg
vr,esta,dd0000
*,el,da0000
ad,12,z0
*,de,sp000
pr,michelub,nc0s000
*,?,fit
-,-,-
-,-,-
-,-,-
-,-,-
-,-,-
*,me,pp000000
*,las,da0000
vr,mandas,nc0p000
*,porfavor,aq0000
-,-,-
-,-,-
-,-,-
-,-,-
-,-,-
af,Sii,np00000
-,-,-
-,-,-
-,-,-
-,-,-
-,-,-
vr,Hay,vaip000
pr,gorras,nc0p000
*,de,sp000
pr,budlight,nc0s000
*,?,fit
-,-,-
-,-,-
-,-,-
-,-,-
-,-,-
af,Va,vmip000
af,chingon,np00000
-,-,-
-,-,-
-,-,-
-,-,-
-,-,-
*,Puedes,vmip000
vr,mandar,vmn0000
*,cambio,nc0s000
*,de,sp000
ad,500,z0
*,porfavor,aq0000
-,-,-
-,-,-
-,-,-
-,-,-
-,-,-
*,Ya,rg
vr,vienen,vmip000
*,?,fit
-,-,-
-,-,-
-,-,-
-,-,-
-,-,-
af,Va,vmip000
af,perfecto,aq0000
-,-,-
-,-,-
-,-,-
-,-,-
-,-,-
*,Hm,rn
af,bueno,aq0000
ng,no,rn
*,importa,vmip000
-,-,-
-,-,-
-,-,-
-,-,-
-,-,-
*,Me,pp000000
vr,mandas,vmip000
*,un,di0000
ad,24,z0
*,de,sp000
pr,michelob,nc0s000
*,porfvor,aq0000
-,-,-
-,-,-
-,-,-
-,-,-
-,-,-
*,hola,nc0s000
*,soy,vsip000
*,Carlos,np00000
*,Didier,np00000
-,-,-
-,-,-
-,-,-
-,-,-
-,-,-
af,Gracias,i
*,por,sp000
*,tu,dp0000
*,llamada,nc0s000
-,-,-
-,-,-
-,-,-
-,-,-
-,-,-
*,Hola,i
-,-,-
-,-,-
-,-,-
-,-,-
-,-,-
*,Buen,aq0000
*,dia,nc0s000
-,-,-
-,-,-
-,-,-
-,-,-
-,-,-
af,Ya,rg
-,-,-
-,-,-
-,-,-
-,-,-
-,-,-
*,Disculpa,nc0s000
*,estas,dd0000
*,trabajando,vmg0000
-,-,-
-,-,-
-,-,-
-,-,-
-,-,-
ng,No,rn
*,se,p0000000
*,vale,vmip000
-,-,-
-,-,-
-,-,-
-,-,-
-,-,-
*,Era,vsii000
*,anoche,rg
-,-,-
-,-,-
-,-,-
-,-,-
-,-,-
*,Que,cs
*,horarios,nc0p000
vr,estas,dd0000
-,-,-
-,-,-
-,-,-
-,-,-
-,-,-
*,Estaba,vmii000
vr,viendo,vmg0000
*,los,da0000
*,de,sp000
*,las,da0000
pr,flores,nc0p000
*,tambien,vmip000
*,ese,dd0000
*,cm,np00000
*,esta,dd0000
-,-,-
-,-,-
-,-,-
-,-,-
-,-,-
af,Ok,i
af,ya,rg
vr,esta,dd0000
-,-,-
-,-,-
-,-,-
-,-,-
-,-,-
*,Para,sp000
*,saber,vmn0000
-,-,-
-,-,-
-,-,-
-,-,-
-,-,-
*,Los,da0000
*,horarios,nc0p000
-,-,-
-,-,-
-,-,-
-,-,-
-,-,-
*,Y,cc
*,lo,da0000
*,de,sp000
*,las,da0000
pr,flores,nc0p000
*,me,pp000000
vr,explicas,aq0000
-,-,-
-,-,-
-,-,-
-,-,-
-,-,-
*,como,cs
*,esta,dd0000
-,-,-
-,-,-
-,-,-
-,-,-
-,-,-
vr,Recibi,np00000
*,un,di0000
pr,correo,nc0s000
*,respecto,nc0s000
*,a,sp000
*,que,pr000000
*,puedo,vmip000
vr,pedir,vmn0000
*,un,di0000
pr,ramo,nc0s000
*,de,sp000
pr,flores,nc0p000
-,-,-
-,-,-
-,-,-
-,-,-
-,-,-
af,Sip,np00000
-,-,-
-,-,-
-,-,-
-,-,-
-,-,-
*,Ayer,rg
*,viernes,w
-,-,-
-,-,-
-,-,-
-,-,-
-,-,-
*,Algo,pi000000
*,asi,np00000
-,-,-
-,-,-
-,-,-
-,-,-
-,-,-
af,Aja,np00000
-,-,-
-,-,-
-,-,-
-,-,-
-,-,-
*,Hay,vaip000
*,apenas,rg
vr,vi,vmis000
*,tu,dp0000
*,mensaje,nc0s000
-,-,-
-,-,-
-,-,-
-,-,-
-,-,-
af,Ya,rg
af,bien,rg
*,tarde,rg
-,-,-
-,-,-
-,-,-
-,-,-
-,-,-
vr,Avisa,vmip000
vr,me,pp000000
*,para,sp000
*,este,dd0000
*,viernes,w
*,aver,nc0s000
*,que,pr000000
vr,tienes,vmip000
-,-,-
-,-,-
-,-,-
-,-,-
-,-,-
af,Si,cs
-,-,-
-,-,-
-,-,-
-,-,-
-,-,-
*,que,cs
pr,promocion,nc0s000
vr,tienes,vmip000
-,-,-
-,-,-
-,-,-
-,-,-
-,-,-
*,La,da0000
*,de,sp000
*,el,da0000
ad,24,z0
-,-,-
-,-,-
-,-,-
-,-,-
-,-,-
vr,quiero,vmip000
*,la,da0000
ad,mitad,nc0s000
*,de,sp000
pr,bud,nc0s000
pr,ligth,nc0p000
*,y,cc
*,la,da0000
*,otras,pi000000
*,de,sp000
pr,corona,nc0s000
ad,ligth,aq0000
-,-,-
-,-,-
-,-,-
-,-,-
-,-,-
*,Esa,pd000000
*,esta,dd0000
*,en,sp000
ad,185,np00000
-,-,-
-,-,-
-,-,-
-,-,-
-,-,-
ng,No,rn
-,-,-
-,-,-
-,-,-
-,-,-
-,-,-
ad,Mitad,nc0s000
*,y,cc
ad,mitad,nc0s000
-,-,-
-,-,-
-,-,-
-,-,-
-,-,-
*,Se,p0000000
*,puede,vmip000
-,-,-
-,-,-
-,-,-
-,-,-
-,-,-
*,La,da0000
*,musica,nc0s000
*,de,sp000
*,el,da0000
af,si,cs
*,pero,cc
*,el,da0000
*,en,sp000
af,si,cs
ng,no,rn
*,jaja,vmsp000
-,-,-
-,-,-
-,-,-
-,-,-
-,-,-
vr,quiero,vmip000
*,la,da0000
*,mitad,nc0s000
*,de,sp000
pr,Bud,np00000
*,y,cc
*,la,da0000
*,otra,pi000000
*,mitad,nc0s000
*,de,sp000
pr,corona,nc0s000
pr,light,aq0000
-,-,-
-,-,-
-,-,-
-,-,-
-,-,-
*,Entonces,rg
-,-,-
-,-,-
-,-,-
-,-,-
-,-,-
*,Entonces,rg
vr,manda,vmip000
vr,me,pp000000
pr,tecates,vmip000
*,jaja,nc0s000
-,-,-
-,-,-
-,-,-
-,-,-
-,-,-
ng,No,rn
*,te,p0000000
vr,creas,vmsp000
af,ok,pp000000
*,y,cc
nr,no,rn
vr,puedes,vmip000
vr,mandar,vmn0000
*,un,di0000
ad,18,z0
*,de,sp000
pr,Bud,np00000
*,y,cc
*,el,da0000
*,resto,nc0s000
*,de,sp000
pr,corona,nc0s000
-,-,-
-,-,-
-,-,-
-,-,-
-,-,-
af,Si,cs
*,me,pp000000
vr,han,vaip000
vr,mandado,vmp0000
*,asi,np00000
-,-,-
-,-,-
-,-,-
-,-,-
-,-,-
*,En,sp000
ad,185,z0
-,-,-
-,-,-
-,-,-
-,-,-
-,-,-
af,Si,cs
-,-,-
-,-,-
-,-,-
-,-,-
-,-,-
*,O,cc
*,las,pp000000
*,pido,vmip000
*,por,sp000
*,internet,nc0s000
-,-,-
-,-,-
-,-,-
-,-,-
-,-,-
*,Tu,dp0000
vr,di,nc00000
vr,me,pp000000
-,-,-
-,-,-
-,-,-
-,-,-
-,-,-
af,que,cs
af,onda,nc0s000
-,-,-
-,-,-
-,-,-
-,-,-
-,-,-
af,Siempre,rg
-,-,-
-,-,-
-,-,-
-,-,-
-,-,-
*,Viernes,np00000
-,-,-
-,-,-
-,-,-
-,-,-
-,-,-
*,Osea,np00000
*,manana,np00000
-,-,-
-,-,-
-,-,-
-,-,-
-,-,-
*,pm,rn
-,-,-
-,-,-
-,-,-
-,-,-
-,-,-
*,En,sp000
*,punto,nc0s000
-,-,-
-,-,-
-,-,-
-,-,-
-,-,-
vr,Cuanto,cs
*,va,vmip000
*,a,sp000
vr,ser,vsn0000
-,-,-
-,-,-
-,-,-
-,-,-
-,-,-
pr,Corona,np00000
*,que,cs
vr,sea,vssp000
ad,light,nc0s000
-,-,-
-,-,-
-,-,-
-,-,-
-,-,-
*,Por,sp000
*,favor,nc0s000
-,-,-
-,-,-
-,-,-
-,-,-
-,-,-
af,Ok,rn
af,gracias,nc0p000
*,linda,aq0000
*,besos,nc0p000
-,-,-
-,-,-
-,-,-
-,-,-
-,-,-
*,Hola,i
-,-,-
-,-,-
-,-,-
-,-,-
-,-,-
af,Buenas,aq0000
-,-,-
-,-,-
-,-,-
-,-,-
-,-,-
*,Tardes,np00000
-,-,-
-,-,-
-,-,-
-,-,-
-,-,-
*,Mi,dp0000
pr,pedido,nc0s000
*,te,p0000000
*,lo,pp000000
vr,programe,vmsp000
*,a,sp000
*,las,da0000
ad,2,z0
*,verdad,nc0s000
-,-,-
-,-,-
-,-,-
-,-,-
-,-,-
af,Si,cs
vr,podran,vmip000
vr,traer,vmn0000
*,me,pp000000
*,lo,da0000
ad,ahorita,vmsp000
*,a,sp000
*,la,da0000
ad,1,z0
*,pm,dn0000
*,porfavor,aq0000
-,-,-
-,-,-
-,-,-
-,-,-
-,-,-
af,Ok,vsis000
*,la,da0000
vr,espero,vmip000
-,-,-
-,-,-
-,-,-
-,-,-
-,-,-
*,Ora,np00000
*,le,pp000000
-,-,-
-,-,-
-,-,-
-,-,-
-,-,-
*,Jiji,np00000
-,-,-
-,-,-
-,-,-
-,-,-
-,-,-
*,Linda,np00000
*,tarde,rg
-,-,-
-,-,-
-,-,-
-,-,-
-,-,-
ng,No,rn
-,-,-
-,-,-
-,-,-
-,-,-
-,-,-
*,Yo,pp000000
*,te,p0000000
vr,aviso,nc0s000
*,en,sp000
*,estos,dd0000
*,dias,nc0p000
*,porque,cs
*,cumple,vmip000
*,anos,aq0000
*,mi,dp0000
*,bebe,vmip000
-,-,-
-,-,-
-,-,-
-,-,-
-,-,-
*,a,sp000
*,ti,pp000000
*,por,sp000
*,tu,dp0000
*,amabilidad,nc0s000
-,-,-
-,-,-
-,-,-
-,-,-
-,-,-
*,Linda,np00000
*,tarde,rg
-,-,-
-,-,-
-,-,-
-,-,-
-,-,-
*,Hola,i
*,guapa,vmsp000
*,no,rn
*,esta,dd0000
*,sema,nc0s000
ng,no,rn
*,te,p0000000
vr,programar,vmn0000
*,se,pp000000
*,para,sp000
*,el,da0000
ad,22,z0
*,de,sp000
*,mayo,w
-,-,-
-,-,-
-,-,-
-,-,-
-,-,-
af,ok,rn
-,-,-
-,-,-
-,-,-
-,-,-
-,-,-
-,-,-
-,-,-
-,-,-
-,-,-
-,-,-
af,Ok,pp000000
*,muchas,aq0000
*,gracias,nc0p000
-,-,-
-,-,-
-,-,-
-,-,-
-,-,-
*,Ya,rg
vr,hice,vmip000
ad,un,di0000
pr,pedido,nc0s000
*,para,sp000
*,manana,nc0s000
*,me,p0000000
vr,marcaron,vmis000
*,por,sp000
*,telefono,nc0s000
-,-,-
-,-,-
-,-,-
-,-,-
-,-,-
af,Si,cs
*,Gracias,np00000
-,-,-
-,-,-
-,-,-
-,-,-
-,-,-
*,Buenas,aq0000
*,tardes,nc0p000
-,-,-
-,-,-
-,-,-
-,-,-
-,-,-
*,Me,pp000000
*,podria,vmip000
vr,mandar,vmn0000
*,la,da0000
pr,promocion,nc0s000
*,de,sp000
ad,30,z0
pr,budligth,nc0p000
-,-,-
-,-,-
-,-,-
-,-,-
-,-,-
af,Si,cs
-,-,-
-,-,-
-,-,-
-,-,-
-,-,-
af,Si,cs
*,por,sp000
*,favor,nc0s000
-,-,-
-,-,-
-,-,-
-,-,-
-,-,-
ad,300,z0
-,-,-
-,-,-
-,-,-
-,-,-
-,-,-
af,Ok,rn
*,gracias,nc0p000
-,-,-
-,-,-
-,-,-
-,-,-
-,-,-
af,Si,cs
-,-,-
-,-,-
-,-,-
-,-,-
-,-,-
*,Hola,i
*,me,pp000000
vr,Mearcaron,vmis000
*,ayer,rg
*,ya,rg
vr,pedi,vmip000
*,para,sp000
ad,hoy,rg
-,-,-
-,-,-
-,-,-
-,-,-
-,-,-
*,Gracias,np00000
-,-,-
-,-,-
-,-,-
-,-,-
-,-,-
af,Ok,rn
*,gracias,nc0p000
-,-,-
-,-,-
-,-,-
-,-,-
-,-,-
*,Buenas,aq0000
*,noches,nc0p000
-,-,-
-,-,-
-,-,-
-,-,-
-,-,-
*,Me,pp000000
*,podrias,aq0000
vr,mandar,vmn0000
ad,una,di0000
pr,promocion,nc0s000
*,de,sp000
ad,24,z0
pr,budligth,nc0p000
*,por,sp000
ad,195,z0
-,-,-
-,-,-
-,-,-
-,-,-
-,-,-
*,Calle,np00000
*,Miguel,np00000
*,miramon,vmip000
*,colonia,nc0s000
*,Ninos,np00000
*,heroes,vmip000
-,-,-
-,-,-
-,-,-
-,-,-
-,-,-
*,cerca,rg
*,de,sp000
*,ahi,np00000
-,-,-
-,-,-
-,-,-
-,-,-
-,-,-
af,Si,cs
*,es,vsip000
*,de,sp000
vr,estoy,vmip000
-,-,-
-,-,-
-,-,-
-,-,-
-,-,-
*,Por,sp000
*,favor,nc0s000
-,-,-
-,-,-
-,-,-
-,-,-
-,-,-
af,Ok,rn
-,-,-
-,-,-
-,-,-
-,-,-
-,-,-
af,Ok,rn
*,gracias,nc0p000
-,-,-
-,-,-
-,-,-
-,-,-
-,-,-
*,Hola,i
-,-,-
-,-,-
-,-,-
-,-,-
-,-,-
*,Me,pp000000
*,podrias,aq0000
vr,mandar,vmn0000
ad,una,di0000
pr,promocion,nc0s000
*,de,sp000
ad,24,z0
pr,budligth,nc0p000
*,mas,rg
ad,9,z0
-,-,-
-,-,-
-,-,-
-,-,-
-,-,-
*,Pero,cc
*,es,vsip000
*,otra,di0000
*,direccion,nc0s000
-,-,-
-,-,-
-,-,-
-,-,-
-,-,-
*,Es,vsip000
pr,nochebuena,nc0s000
-,-,-
-,-,-
-,-,-
-,-,-
-,-,-
*,de,sp000
*,Guadalupe,np00000
-,-,-
-,-,-
-,-,-
-,-,-
-,-,-
*,Pablo,np00000
*,libas,aq0000
*,y,cc
*,aloe,nc0s000
-,-,-
-,-,-
-,-,-
-,-,-
-,-,-
*,Es,vsip000
*,un,di0000
*,taller,nc0s000
-,-,-
-,-,-
-,-,-
-,-,-
-,-,-
*,Serian,np00000
ad,2,z0
pr,promociones,nc0p000
-,-,-
-,-,-
-,-,-
-,-,-
-,-,-
*,De,sp000
ad,24,z0
*,mas,rg
ad,9,z0
-,-,-
-,-,-
-,-,-
-,-,-
-,-,-
af,Si,cs
-,-,-
-,-,-
-,-,-
-,-,-
-,-,-
af,Si,cs
-,-,-
-,-,-
-,-,-
-,-,-
-,-,-
af,Ya,rg
vr,habia,vmip000
vr,hecho,nc0s000
ad,un,di0000
pr,pedido,aq0000
*,ayer,nc0s000
*,en,sp000
*,otra,pi000000
*,direccion,vmic000
*,la,da0000
*,estan,vmip000
*,esperando,vmg0000
*,en,sp000
*,Avenida,np00000
*,Mexico,np00000
*,Con,sp000
pr,hielo,nc0s000
*,por,sp000
*,favor,nc0s000
-,-,-
-,-,-
-,-,-
-,-,-
-,-,-
ng,No,rn
vr,ha,vaip000
vr,llegado,vmp0000
-,-,-
-,-,-
-,-,-
-,-,-
-,-,-
*,La,da0000
*,estan,vmip000
*,esperando,vmg0000
*,en,sp000
*,Avenida,np00000
*,Mexico,np00000
-,-,-
-,-,-
-,-,-
-,-,-
-,-,-
*,De,sp000
ad,2,z0
pr,promociones,nc0p000
-,-,-
-,-,-
-,-,-
-,-,-
-,-,-
*,Y,cc
*,otras,di0000
ad,2,z0
*,con,sp000
*,ti,pp000000
-,-,-
-,-,-
-,-,-
-,-,-
-,-,-
*,A,sp000
*,la,da0000
*,direccion,nc0s000
*,que,pr000000
*,te,p0000000
*,di,vmis000
-,-,-
-,-,-
-,-,-
-,-,-
-,-,-
af,Ok,rn
-,-,-
-,-,-
-,-,-
-,-,-
-,-,-
af,Si,cs
vr,marque,np00000
*,hace,vmip000
*,rato,nc0s000
*,y,cc
*,que,cs
*,ya,rg
vr,iba,vmii000
-,-,-
-,-,-
-,-,-
-,-,-
-,-,-
af,Ok,rn
-,-,-
-,-,-
-,-,-
-,-,-
-,-,-
*,Nado,aq0000
*,menos,sp000
*,cuanto,rg
-,-,-
-,-,-
-,-,-
-,-,-
-,-,-
*,O,cc
vr,puedo,vmip000
vr,cambiar,vmn0000
*,la,da0000
*,direccion,nc0s000
-,-,-
-,-,-
-,-,-
-,-,-
-,-,-
*,Este,pd000000
*,se,p0000000
vr,tienen,vmip000
*,que,pr000000
*,ir,vmn0000
*,y,cc
*,nada,pi000000
*,mas,rg
vr,estan,vmip000
vr,esperandolo,aq0000
-,-,-
-,-,-
-,-,-
-,-,-
-,-,-
*,Se,p0000000
*,tardaria,vmip000
*,mucho,rg
-,-,-
-,-,-
-,-,-
-,-,-
-,-,-
*,Y,cc
*,hacer,vmn0000
*,otro,pi000000
*,o,cc
*,que,pr000000
-,-,-
-,-,-
-,-,-
-,-,-
-,-,-
*,Tu,dp0000
*,lo,da0000
vr,cancelas,np00000
-,-,-
-,-,-
-,-,-
-,-,-
-,-,-
*,Calle,np00000
*,Miguel,np00000
*,miramon,np00000
*,Ninos,np00000
*,heroes,aq0000
ad,2,z0
pr,promociones,nc0p000
*,de,sp000
ad,24,z0
*,mas,rg
ad,9,z0
-,-,-
-,-,-
-,-,-
-,-,-
-,-,-
*,Esa,dd0000
*,seria,aq0000
*,la,da0000
*,direccion,nc0s000
*,para,sp000
*,que,pr000000
*,me,p0000000
*,la,pp000000
*,mandes,vmip000
*,ahi,np00000
-,-,-
-,-,-
-,-,-
-,-,-
-,-,-
*,Marco,np00000
*,para,sp000
vr,cancelar,vmn0000
*,la,da0000
-,-,-
-,-,-
-,-,-
-,-,-
-,-,-
af,Ok,rn
vr,deja,vmip000
*,la,da0000
vr,cancelo,np00000
*,por,sp000
*,telefono,nc0s000
-,-,-
-,-,-
-,-,-
-,-,-
-,-,-
af,Ok,rn
-,-,-
-,-,-
-,-,-
-,-,-
-,-,-
*,Ya,rg
vr,cancele,vmm0000
*,el,da0000
*,de,sp000
*,la,da0000
*,Mexico,np00000
-,-,-
-,-,-
-,-,-
-,-,-
-,-,-
*,Gracias,np00000
-,-,-
-,-,-
-,-,-
-,-,-
-,-,-
*,La,da0000
*,espero,vmip000
*,en,sp000
*,las,da0000
*,otras,di0000
ad,2,z0
*,direcciones,nc0p000
-,-,-
-,-,-
-,-,-
-,-,-
-,-,-
*,Disculpe,np00000
-,-,-
-,-,-
-,-,-
-,-,-
-,-,-
*,Y,cc
*,en,sp000
*,la,da0000
*,otra,pi000000
*,direccion,vmic000
ng,no,rn
vr,ha,vaip000
vr,llegado,vmp0000
-,-,-
-,-,-
-,-,-
-,-,-
-,-,-
af,Ok,rn
*,gracia,nc0s000
-,-,-
-,-,-
-,-,-
-,-,-
-,-,-
*,Gracias,np00000
-,-,-
-,-,-
-,-,-
-,-,-
-,-,-
*,Me,pp000000
ad,puedes,vmip000
vr,mandar,vmn0000
ad,una,di0000
pr,promocion,nc0s000
*,de,sp000
pr,budligth,nc0s000
*,de,sp000
ad,24,z0
*,mas,rg
ad,9,z0
*,con,sp000
ad,hielo,nc0s000
*,a,sp000
*,la,da0000
*,direccion,nc0s000
*,En,sp000
*,Guadalupe,np00000
-,-,-
-,-,-
-,-,-
-,-,-
-,-,-
*,Porfa,np00000
-,-,-
-,-,-
-,-,-
-,-,-
-,-,-
*,Gracias,np00000
-,-,-
-,-,-
-,-,-
-,-,-
-,-,-
*,Comanche,np00000
*,y,cc
*,olmeca,aq0000
-,-,-
-,-,-
-,-,-
-,-,-
-,-,-
*,Si,cs
*,y,cc
*,azteca,aq0000
*,cerca,rg
-,-,-
-,-,-
-,-,-
-,-,-
,-,-
af,Ok,rn
-,-,-
-,-,-
-,-,-
-,-,-
-,-,-
af,Ok,i
*,ya,rg
*,la,da0000
vr,mando,nc0s000
-,-,-
-,-,-
-,-,-
-,-,-
-,-,-
af,Ok,rn
*,gracias,nc0p000
*,ahorita,vmsp000
*,te,pp000000
vr,aviso,nc0s000
-,-,-
-,-,-
-,-,-
-,-,-
-,-,-
ng,No,rn
*,me,p0000000
vr,ha,vaip000
vr,llegado,vmp0000
-,-,-
-,-,-
-,-,-
-,-,-
-,-,-
*,Cuanto,cs
*,se,p0000000
*,tarda,vmip000
*,mas,rg
*,porfa,aq0000
-,-,-
-,-,-
-,-,-
-,-,-
-,-,-
*,que,pr000000
*,paso,nc0s000
-,-,-
-,-,-
-,-,-
-,-,-
-,-,-
*,O,cc
*,se,p0000000
*,va,vmip000
*,a,sp000
*,tardar,vmn0000
-,-,-
-,-,-
-,-,-
-,-,-
-,-,-
af,Ok,rn
*,gracias,nc0p000
-,-,-
-,-,-
-,-,-
-,-,-
-,-,-
af,Si,cs
*,ya,rg
vr,llego,vmis000
-,-,-
-,-,-
-,-,-
-,-,-
-,-,-
*,Muchas,di0000
*,gracias,nc0p000
-,-,-
-,-,-
-,-,-
-,-,-
-,-,-
*,Te,pp000000
*,agradesco,aq0000
-,-,-
-,-,-
-,-,-
-,-,-
-,-,-
*,Gracias,np00000
-,-,-
-,-,-
-,-,-
-,-,-
-,-,-
af,Si,cs
*,ya,rg
vr,quedo,vmip000
*,ayer,rg
*,lo,da0000
vr,llevo,vmip000
-,-,-
-,-,-
-,-,-
-,-,-
-,-,-
*,Todavia,rg
vr,hay,vaip000
pr,servicio,nc0s000
-,-,-
-,-,-
-,-,-
-,-,-
-,-,-
af,Ok,rn
-,-,-
-,-,-
-,-,-
-,-,-
-,-,-
ng,No,rn
*,Ahorita,np00000
-,-,-
-,-,-
-,-,-
-,-,-
-,-,-
*,Yo,pp000000
*,te,p0000000
*,aviso,nc0s000
-,-,-
-,-,-
-,-,-
-,-,-
-,-,-
*,Gracias,np00000
-,-,-
-,-,-
-,-,-
-,-,-
-,-,-
*,Hola,i
-,-,-
-,-,-
-,-,-
-,-,-
-,-,-
*,que,pr000000
pr,promociones,nc0p000
vr,tienes,vmip000
*,hoy,rg
-,-,-
-,-,-
-,-,-
-,-,-
-,-,-
vr,Puedes,vmip000
vr,mandar,vmn0000
*,me,pp000000
ad,3,z0
pr,promociones,nc0p000
-,-,-
-,-,-
-,-,-
-,-,-
-,-,-
ad,24,z0
*,de,sp000
pr,bud,nc0s000
*,y,cc
pr,pizza,nc0s000
*,De,sp000
pr,pizza,nc0s000
-,-,-
-,-,-
-,-,-
-,-,-
-,-,-
*,Serian,np00000
ad,72,z0
pr,botes,nc0p000
*,y,cc
ad,3,z0
pr,cupones,nc0p000
*,vdd,np00000
-,-,-
-,-,-
-,-,-
-,-,-
-,-,-
ad,675,z0
*,pesos,zm
-,-,-
-,-,-
-,-,-
-,-,-
-,-,-
af,Si,cs
*,y,cc
pr,hielo,nc0s000
*,porfa,aq0000
-,-,-
-,-,-
-,-,-
-,-,-
-,-,-
*,Cuanto,cs
*,se,p0000000
vr,tardaria,vmip000
-,-,-
-,-,-
-,-,-
-,-,-
-,-,-
*,Calle,np00000
*,Miguel,np00000
*,miramon,np00000
*,Ninos,np00000
*,heroes,aq0000
-,-,-
-,-,-
-,-,-
-,-,-
-,-,-
af,Ok,rn
*,gracias,nc0p000
-,-,-
-,-,-
-,-,-
-,-,-
-,-,-
af,Ya,rg
vr,quedo,vmis000
af,gracias,nc0p000
-,-,-
-,-,-
-,-,-
-,-,-
-,-,-
*,Buenas,aq0000
*,noches,nc0p000
-,-,-
-,-,-
-,-,-
-,-,-
-,-,-
*,Me,pp000000
vr,puedes,vmip000
vr,mandar,vmn0000
ad,2,z0
pr,promociones,nc0p000
-,-,-
-,-,-
-,-,-
-,-,-
-,-,-
af,Ok,rn
-,-,-
-,-,-
-,-,-
-,-,-
-,-,-
ng,No,rn
-,-,-
-,-,-
-,-,-
-,-,-
-,-,-
af,Ok,rn
-,-,-
-,-,-
-,-,-
-,-,-
-,-,-
ng,No,rn
vr,pasa,vmip000
*,nada,pi000000
-,-,-
-,-,-
-,-,-
-,-,-
-,-,-
-,-,-
-,-,-
-,-,-
-,-,-
-,-,-
*,Con,sp000
*,la,da0000
*,aplicacion,nc0s000
-,-,-
-,-,-
-,-,-
-,-,-
-,-,-
*,Se,p0000000
vr,puede,vmip000
vr,comprar,vmn0000
-,-,-
-,-,-
-,-,-
-,-,-
-,-,-
*,A,sp000
ad,ok,pp000000
*,jaja,np00000
-,-,-
-,-,-
-,-,-
-,-,-
-,-,-
*,Y,cc
*,que,cs
pr,promos,vmsp000
vr,hay,vaip000
-,-,-
-,-,-
-,-,-
-,-,-
-,-,-
af,Nada,pi000000
af,mas,rg
af,esa,dd0000
-,-,-
-,-,-
-,-,-
-,-,-
-,-,-
*,Que,cs
pr,promos,vssp000
vr,tienen,vmip000
-,-,-
-,-,-
-,-,-
-,-,-
-,-,-
*,De,sp000
*,BUD,np00000
-,-,-
-,-,-
-,-,-
-,-,-
-,-,-
ng,Sin,sp000
pr,pizza,nc0s000
-,-,-
-,-,-
-,-,-
-,-,-
-,-,-
vr,Manda,np00000
*,me,pp000000
ad,un,di0000
-,30,z0
-,-,-
-,-,-
-,-,-
-,-,-
-,-,-
af,Por,sp000
af,favor,nc0s000
-,-,-
-,-,-
-,-,-
-,-,-
-,-,-
af,Si,cs
-,-,-
-,-,-
-,-,-
-,-,-
-,-,-
af,Ya,rg
af,porfavor,aq0000
-,-,-
-,-,-
-,-,-
-,-,-
-,-,-
af,Gracias,np00000
-,-,-
-,-,-
-,-,-
-,-,-
-,-,-
af,porfavor,aq0000
-,-,-
-,-,-
-,-,-
-,-,-
-,-,-
*,Buenas,aq0000
*,tardes,nc0p000
-,-,-
-,-,-
-,-,-
-,-,-
-,-,-
ad,Una,di0000
pr,promocion,nc0s000
*,de,sp000
-,30,z0
-,-,-
-,-,-
-,-,-
-,-,-
-,-,-
*,Con,sp000
pr,cupon,pi000000
*,de,sp000
pr,pizza,nc0s000
-,-,-
-,-,-
-,-,-
-,-,-
-,-,-
ad,Fria,np00000
af,porfa,aq0000
*,y,cc
vr,con,sp000
pr,hielos,nc0p000
-,-,-
-,-,-
-,-,-
-,-,-
-,-,-
af,Si,cs
-,-,-
-,-,-
-,-,-
-,-,-
-,-,-
vr,Manda,np00000
vr,me,pp000000
-,2,z0
pr,promos,nc0p000
af,porfa,aq0000
-,-,-
-,-,-
-,-,-
-,-,-
-,-,-
*,Cambio,np00000
*,de,sp000
-,700,z0
-,-,-
-,-,-
-,-,-
-,-,-
-,-,-
af,Si,cs
af,porfa,aq0000
-,-,-
-,-,-
-,-,-
-,-,-
-,-,-
af,Gracias,np00000
-,-,-
-,-,-
-,-,-
-,-,-
-,-,-
af,Ok,pp000000
vr,manda,vmip000
vr,me,p0000000
ad,uno,di0000
-,-,-
-,-,-
-,-,-
-,-,-
-,-,-
*,Que,cs
ad,mas,rg
pr,promos,aq0000
vr,tienes,vmip000
-,-,-
-,-,-
-,-,-
-,-,-
-,-,-
af,Ok,pp000000
*,y,cc
*,no,rn
vr,dan,vmip000
pr,vale,vmip000
*,de,sp000
pr,pizza,nc0s000
-,-,-
-,-,-
-,-,-
-,-,-
-,-,-
af,Ok,pp000000
vr,manda,vmip000
vr,me,pp000000
ad,un,di0000
pr,30,z0
-,-,-
-,-,-
-,-,-
-,-,-
-,-,-
af,Porfavor,np00000
-,-,-
-,-,-
-,-,-
-,-,-
-,-,-
af,Si,cs
ad,heladas,nc0p000
af,porfa,aq0000
-,-,-
-,-,-
-,-,-
-,-,-
-,-,-
af,Ok,rn
-,-,-
-,-,-
-,-,-
-,-,-
-,-,-
af,Gracias,np00000
-,-,-
-,-,-
-,-,-
-,-,-
-,-,-
vr,Voy,vmip000
*,a,sp000
vr,ocupar,vmn0000
ad,otra,di0000
pr,promocion,nc0s000
af,porfa,aq0000
-,-,-
-,-,-
-,-,-
-,-,-
-,-,-
*,En,sp000
*,total,aq0000
ad,dos,pn000000
af,mas,rg
-,-,-
-,-,-
-,-,-
-,-,-
-,-,-
af,Ok,rn
-,-,-
-,-,-
-,-,-
-,-,-
-,-,-
af,Si,cs
af,esta,dd0000
af,bien,nc0s000
-,-,-
-,-,-
-,-,-
-,-,-
-,-,-
*,Que,cs
pr,promos,vmsp000
*,hoy,rg
-,-,-
-,-,-
-,-,-
-,-,-
-,-,-
vr,Manda,np00000
vr,me,pp000000
ad,un,di0000
-,30,z0
-,-,-
-,-,-
-,-,-
-,-,-
-,-,-
af,Asi,np00000
af,es,vsip000
-,-,-
-,-,-
-,-,-
-,-,-
-,-,-
*,A,sp000
*,que,cs
ad,hora,nc0s000
*,la,da0000
vr,van,vmip000
*,a,sp000
vr,traer,vmn0000
-,-,-
-,-,-
-,-,-
-,-,-
-,-,-
af,Ok,pp000000
*,por,sp000
*,que,cs
*,voy,vmip000
*,a,sp000
*,salir,vmn0000
-,-,-
-,-,-
-,-,-
-,-,-
-,-,-
*,Que,cs
pr,promos,vssp000
vr,hay,vaip000
-,-,-
-,-,-
-,-,-
-,-,-
-,-,-
*,?,fit
-,-,-
-,-,-
-,-,-
-,-,-
-,-,-
*,Que,cs
pr,promos,vssp000
vr,hay,vaip000
ad,hoy,rg
-,-,-
-,-,-
-,-,-
-,-,-
-,-,-
-,-,-
-,-,-
-,-,-
-,-,-
-,-,-
pr,El,da0000
pr,30,z0
-,-,-
-,-,-
-,-,-
-,-,-
-,-,-
ad,6,z0
-,-,-
-,-,-
-,-,-
-,-,-
-,-,-
-,-,-
-,-,-
-,-,-
-,-,-
-,-,-
*,Hola,i
*,buen,aq0000
*,dia,nc0s000
-,-,-
-,-,-
-,-,-
-,-,-
-,-,-
vr,Hay,vaip000
pr,promociones,nc0p000
pr,especiales,aq0000
*,para,sp000
*,los,da0000
*,compadres,nc0p000
*,now,nc0s000
*,o,cc
*,ya,rg
*,no,rn
*,existe,vmip000
*,ese,dd0000
*,programa,nc0s000
-,-,-
-,-,-
-,-,-
-,-,-
-,-,-
af,Ok,pp000000
*,oye,vmip000
af,bueno,aq0000
vr,programa,nc0s000
vr,me,p0000000
ad,un,di0000
pr,24,z0
*,para,sp000
*,las,da0000
ad,8,z0
-,de,sp000
-,la,da0000
ad,noche,nc0s000
-,-,-
-,-,-
-,-,-
-,-,-
-,-,-
*,En,sp000
*,casa,nc0s000
*,de,sp000
*,mis,dp0000
*,suegros,nc0p000
-,-,-
-,-,-
-,-,-
-,-,-
-,-,-
*,Calle,np00000
*,navio,nc0s000
*,535,z0
*,colonia,nc0s000
*,golondrinas,aq0000
-,-,-
-,-,-
-,-,-
-,-,-
-,-,-
*,Apodaca,vmip000
*,nuevo,aq0000
*,leon,nc0s000
-,-,-
-,-,-
-,-,-
-,-,-
-,-,-
af,Sii,np00000
-,-,-
-,-,-
-,-,-
-,-,-
-,-,-
af,Porfavor,np00000
-,-,-
-,-,-
-,-,-
-,-,-
-,-,-
af,Si,cs
af,porfavor,aq0000
-,-,-
-,-,-
-,-,-
-,-,-
-,-,-
*,Te,pp000000
vr,pago,nc0s000
ad,exacto,aq0000
-,-,-
-,-,-
-,-,-
-,-,-
-,-,-
af,Ok,pp000000
*,mi,dp0000
*,telefono,nc0s000
*,es,vsip000
*,8118949748,z0
-,-,-
-,-,-
-,-,-
-,-,-
-,-,-
*,Que,cs
pr,promos,vssp000
ad,hay,vaip000
*,para,sp000
*,los,da0000
*,compadres,nc0p000
*,now,aq0000
-,-,-
-,-,-
-,-,-
-,-,-
-,-,-
af,Okk,np00000
af,gracias,nc0p000
*,deja,vmip000
*,veo,vmip000
*,yo,pp000000
*,les,pp000000
*,aviso,nc0s000
-,-,-
-,-,-
-,-,-
-,-,-
-,-,-
af,Muchas,di0000
af,gracias,nc0p000
-,-,-
-,-,-
-,-,-
-,-,-
-,-,-
*,Que,cs
pr,promo,vmsp000
vr,hay,vaip000
-,-,-
-,-,-
-,-,-
-,-,-
-,-,-
af,Ok,vsis000
*,el,da0000
ad,viernes,w
*,te,p0000000
vr,digo,vmip000
af,si,cs
*,?,fit
-,-,-
-,-,-
-,-,-
-,-,-
-,-,-
*,Gracias,i
*,por,sp000
*,el,da0000
*,momento,nc0s000
ng,no,rn
vr,requiero,vmip000
-,-,-
-,-,-
-,-,-
-,-,-
-,-,-
af,Muchas,di0000
af,gracias,nc0p000
-,-,-
-,-,-
-,-,-
-,-,-
-,-,-
*,Eh,pp000000
*,hieleras,nc0p000
*,tal,dd0000
*,no,rn
*,de,sp000
*,marca,nc0s000
*,sino,cc
*,a,sp000
*,el,da0000
*,menos,aq0000
*,de,sp000
*,hielo,nc0s000
*,seco,aq0000
*,con,sp000
*,la,da0000
*,impresion,nc0s000
*,bud,np00000
*,light,nc0s000
-,-,-
-,-,-
-,-,-
-,-,-
-,-,-
af,Estaria,np00000
af,chido,aq0000
*,-,-
-,-,-
-,-,-
-,-,-
-,-,-
*,Yo,pp000000
*,tengo,vmip000
*,una,pi000000
*,exclusiva,aq0000
*,para,sp000
*,mis,dp0000
pr,cervezas,nc0p000
-,-,-
-,-,-
-,-,-
-,-,-
-,-,-
*,Pero,cc
*,no,rn
*,es,vsip000
pr,bud,np00000
pr,light,np00000
*,haha,aq0000
-,-,-
-,-,-
-,-,-
-,-,-
-,-,-
vr,Imagina,np00000
*,te,p0000000
*,cual,pi000000
*,es,vsip000
-,-,-
-,-,-
-,-,-
-,-,-
-,-,-
af,Ok,pp000000
af,esta,dd0000
af,bien,nc0s000
-,-,-
-,-,-
-,-,-
-,-,-
-,-,-
pr,Promo,np00000
*,para,sp000
*,el,da0000
pr,clasico,nc0s000
*,de,sp000
ad,hoy,rg
-,?,fit
-,-,-
-,-,-
-,-,-
-,-,-
-,-,-
ad,24,z0
vr,mas,rg
ad,9,z0
-,?,fit
-,-,-
-,-,-
-,-,-
-,-,-
-,-,-
*,Bu,rn
-,-,-
-,-,-
-,-,-
-,-,-
-,-,-
af,Ok,pp000000
af,entonces,rg
vr,programa,nc0s000
vr,me,p0000000
ad,un,di0000
pr,24,z0
*,para,sp000
*,las,da0000
*,7,w
*,de,sp000
*,la,da0000
*,noche,nc0s000
af,se,p0000000
af,puede,vmip000
-,-,-
-,-,-
-,-,-
-,-,-
-,-,-
af,??,rn
-,-,-
-,-,-
-,-,-
-,-,-
-,-,-
*,En,sp000
*,la,da0000
*,siguiente,aq0000
*,direccion,vmic000
-,-,-
-,-,-
-,-,-
-,-,-
-,-,-
af,Asi,np00000
af,es,vsip000
-,-,-
-,-,-
-,-,-
-,-,-
-,-,-
*,Rio,np00000
*,misouri,aq0000
*,136,z0
*,colonia,nc0s000
*,jardines,nc0p000
*,de,sp000
*,huinala,vmip000
*,en,sp000
*,apodaca,nc0s000
-,-,-
-,-,-
-,-,-
-,-,-
-,-,-
*,Rio,np00000
*,rhin,np00000
*,y,cc
*,rio,nc0s000
*,orinoco,aq0000
-,-,-
-,-,-
-,-,-
-,-,-
-,-,-
*,Ntp,vsis000
*,la,da0000
pr,propina,nc0s000
*,es,vsip000
*,para,sp000
*,el,da0000
*,repartidor,nc0s000
-,-,-
-,-,-
-,-,-
-,-,-
-,-,-
*,Le,pp000000
vr,doy,vmip000
ad,200,z0
-,-,-
-,-,-
-,-,-
-,-,-
-,-,-
af,Asi,np00000
af,queda,vmip000
-,-,-
-,-,-
-,-,-
-,-,-
-,-,-
af,Gracias,np00000
af,a,sp000
af,ti,pp000000
-,-,-
-,-,-
-,-,-
-,-,-
-,-,-
*,Hola,i
-,-,-
-,-,-
-,-,-
-,-,-
-,-,-
vr,manda,vmip000
vr,me,pp000000
ad,un,di0000
pr,24,z0
af,porfa,aq0000
-,-,-
-,-,-
-,-,-
-,-,-
-,-,-
*,Hola,i
-,-,-
-,-,-
-,-,-
-,-,-
-,-,-
af,Si,cs
-,-,-
-,-,-
-,-,-
-,-,-
-,-,-
*,Antes,rg
*,de,sp000
*,las,da0000
*,7,z0
*,please,vmsi000
-,-,-
-,-,-
-,-,-
-,-,-
-,-,-
*,Para,sp000
*,ver,vmn0000
*,el,da0000
*,fut,nc0s000
*,bien,rg
*,acompanado,aq0000
-,-,-
-,-,-
-,-,-
-,-,-
-,-,-
*,jaja,nc0s000
-,-,-
-,-,-
-,-,-
-,-,-
-,-,-
af,Si,cs
af,gracias,nc0p000
-,-,-
-,-,-
-,-,-
-,-,-
-,-,-
af,Muchas,di0000
af,gracias,nc0p000
-,-,-
-,-,-
-,-,-
-,-,-
-,-,-
-,-,-
-,-,-
-,-,-
-,-,-
-,-,-
*,Y,cc
*,la,da0000
*,direccion,nc0s000
*,tengo,vmip000
*,que,cs
*,poner,vmn0000
*,la,da0000
*,siempre,rg
-,-,-
-,-,-
-,-,-
-,-,-
-,-,-
af,Ora,np00000
af,le,pp000000
af,gracias,nc0p000
-,-,-
-,-,-
-,-,-
-,-,-
-,-,-
*,Hoy,rg
ng,no,rn
ng,pero,cc
vg,esta,dd0000
*,muy,rg
af,bien,rg
-,-,-
-,-,-
-,-,-
-,-,-
-,-,-
*,Por,sp000
*,aqui,nc0s000
vg,pedire,aq0000
-,-,-
-,-,-
-,-,-
-,-,-
-,-,-
*,Esque,vmsp000
*,aun,cs
ng,no,rn
*,se,pp000000
*,si,cs
vg,voy,vmip000
*,a,sp000
vg,estar,vmn0000
*,aqui,nc0s000
*,en,sp000
*,monterrey,np00000
-,-,-
-,-,-
-,-,-
-,-,-
-,-,-
ng,Pero,cc
*,yo,pp000000
*,te,pp000000
*,aviso,nc0s000
vf,veras,nc0p000
*,que,pr000000
af,si,cs
-,-,-
-,-,-
-,-,-
-,-,-
-,-,-
af,Gracias,np00000
af,igual,aq0000
-,-,-
-,-,-
-,-,-
-,-,-
-,-,-
ng,No,rn
*,ahorita,vmsp000
ng,no,rn
*,podre,vmsp000
*,te,p0000000
*,agradezco,vmip000
-,-,-
-,-,-
-,-,-
-,-,-
-,-,-
*,Pues,cs
*,por,sp000
*,ahora,rg
ng,no,rn
-,-,-
-,-,-
-,-,-
-,-,-
-,-,-
*,Si,cs
*,te,pp000000
vr,escribire,vmsi000
*,a,sp000
*,ti,pp000000
-,-,-
-,-,-
-,-,-
-,-,-
-,-,-
*,Estas,dd0000
-,-,-
-,-,-
-,-,-
-,-,-
-,-,-
*,Podrias,np00000
vr,sacar,vmn0000
*,mi,dp0000
pr,direccion,vmic000
-,-,-
-,-,-
-,-,-
-,-,-
-,-,-
*,Con,sp000
*,mi,dp0000
pr,numero,aq0000
-,-,-
-,-,-
-,-,-
-,-,-
-,-,-
*,Cerro,np00000
*,de,sp000
*,santiago,nc0s000
-,-,-
-,-,-
-,-,-
-,-,-
-,-,-
*,Nada,pi000000
*,mas,rg
*,esa,dd0000
*,direccion,nc0s000
-,-,-
-,-,-
-,-,-
-,-,-
-,-,-
af,Sale,vmsp000
-,-,-
-,-,-
-,-,-
-,-,-
-,-,-
*,Cerro,np00000
*,de,sp000
*,Santiago,np00000
*,3579,z0
*,cerro,vmip000
*,de,sp000
*,canteras,nc0p000
-,-,-
-,-,-
-,-,-
-,-,-
-,-,-
*,Colonia,np00000
*,el,da0000
*,penon,nc0s000
-,-,-
-,-,-
-,-,-
-,-,-
-,-,-
*,Es,vsip000
*,a,sp000
*,esa,dd0000
*,direccion,nc0s000
*,que,pr000000
*,te,pp000000
vr,envie,vmip000
-,-,-
-,-,-
-,-,-
-,-,-
-,-,-
af,Si,cs
af,por,sp000
af,favor,nc0s000
-,-,-
-,-,-
-,-,-
-,-,-
-,-,-
vr,Pagan,vmip000
ad,exacto,aq0000
-,-,-
-,-,-
-,-,-
-,-,-
-,-,-
*,Y,cc
*,si,cs
vr,tienen,vmip000
pr,identificacion,nc0s000
-,-,-
-,-,-
-,-,-
-,-,-
-,-,-
af,Ok,rn
-,-,-
-,-,-
-,-,-
-,-,-
-,-,-
af,Gracias,np00000
-,-,-
-,-,-
-,-,-
-,-,-
-,-,-
*,Hola,i
-,-,-
-,-,-
-,-,-
-,-,-
-,-,-
*,Estas,dd0000
-,-,-
-,-,-
-,-,-
-,-,-
-,-,-
*,Le,pp000000
vr,pase,vmsp000
*,tu,dp0000
*,contacto,nc0s000
*,a,sp000
*,una,di0000
*,amiga,nc0s000
-,-,-
-,-,-
-,-,-
-,-,-
-,-,-
*,Para,sp000
*,que,cs
*,ya,np00000
vr,pida,vmsp000
-,-,-
-,-,-
-,-,-
-,-,-
-,-,-
*,Hoy,rg
*,pues,nc0p000
*,ya,rg
ng,no,rn
-,-,-
-,-,-
-,-,-
-,-,-
-,-,-
*,Pero,cc
*,ya,rg
*,lo,da0000
vr,tendra,aq0000
-,-,-
-,-,-
-,-,-
-,-,-
-,-,-
af,Va,vmip000
-,-,-
-,-,-
-,-,-
-,-,-
-,-,-
pr,Hielera,np00000
pr,mochila,vmip000
pr,maleta,nc0s000
-,-,-
-,-,-
-,-,-
-,-,-
-,-,-
*,Jaja,np00000
-,-,-
-,-,-
-,-,-
-,-,-
-,-,-
af,Si,cs
-,-,-
-,-,-
-,-,-
-,-,-
-,-,-
*,Estas,dd0000
-,-,-
-,-,-
-,-,-
-,-,-
-,-,-
*,Me,pp000000
*,dijeron,vmis000
*,de,sp000
ad,una,di0000
pr,promocion,nc0s000
*,?,fit
-,-,-
-,-,-
-,-,-
-,-,-
-,-,-
*,De,sp000
pr,30,z0
pr,mas,rg
pr,9,z0
*,por,sp000
ad,235,z0
-,-,-
-,-,-
-,-,-
-,-,-
-,-,-
*,Algo,pi000000
pr,asi,np00000
-,-,-
-,-,-
-,-,-
-,-,-
-,-,-
vr,Manejan,vmip000
pr,terminal,nc0s000
*,?,fit
-,-,-
-,-,-
-,-,-
-,-,-
-,-,-
af,Si,cs
-,-,-
-,-,-
-,-,-
-,-,-
-,-,-
*,Pero,cc
vr,quiero,vmip000
ad,dos,pn000000
-,-,-
-,-,-
-,-,-
-,-,-
-,-,-
pr,Promociones,np00000
-,-,-
-,-,-
-,-,-
-,-,-
-,-,-
af,Esta,dd0000
af,bien,nc0s000
-,-,-
-,-,-
-,-,-
-,-,-
-,-,-
*,Pero,cc
*,aproximadamente,rg
*,a,sp000
*,ese,dd0000
*,hora,nc0s000
-,-,-
-,-,-
-,-,-
-,-,-
-,-,-
*,O,cc
*,crees,vmip000
*,que,cs
*,mas,rg
-,-,-
-,-,-
-,-,-
-,-,-
-,-,-
af,Si,cs
-,-,-
-,-,-
-,-,-
-,-,-
-,-,-
*,Porque,cs
*,a,sp000
*,las,da0000
*,8,z0
*,me,p0000000
*,voy,vmip000
-,-,-
-,-,-
-,-,-
-,-,-
-,-,-
-,-,-
-,-,-
-,-,-
-,-,-
-,-,-
*,Aproximadamente,rg
-,-,-
-,-,-
-,-,-
-,-,-
-,-,-
*,Me,pp000000
*,salgo,vmip000
*,de,sp000
*,aqui,nc0s000
-,-,-
-,-,-
-,-,-
-,-,-
-,-,-
*,Ahora,rg
*,estoy,vmip000
*,en,sp000
*,otra,pi000000
*,direccion,vmic000
-,-,-
-,-,-
-,-,-
-,-,-
-,-,-
*,Te,pp000000
*,la,pp000000
*,paso,nc0s000
-,-,-
-,-,-
-,-,-
-,-,-
-,-,-
*,Senda,nc0s000
*,de,sp000
*,las,da0000
*,quimeras,aq0000
*,6119,z0
*,villa,vmip000
*,las,da0000
*,fuentes,nc0p000
-,-,-
-,-,-
-,-,-
-,-,-
-,-,-
*,Entre,sp000
*,paseo,nc0s000
*,fuentes,nc0p000
*,y,cc
*,senda,nc0s000
*,de,sp000
*,la,da0000
*,creacion,nc0s000
-,-,-
-,-,-
-,-,-
-,-,-
-,-,-
*,Sale,vmsp000
-,-,-
-,-,-
-,-,-
-,-,-
-,-,-
*,Con,sp000
*,terminal,nc0s000
*,de,sp000
*,visa,nc0s000
-,-,-
-,-,-
-,-,-
-,-,-
-,-,-
*,Por,sp000
*,favor,nc0s000
-,-,-
-,-,-
-,-,-
-,-,-
-,-,-
*,Y,cc
*,si,cs
vr,tienen,vmip000
pr,hielo,nc0s000
af,mejor,aq0000
-,-,-
-,-,-
-,-,-
-,-,-
-,-,-
af,Ok,rn
-,-,-
-,-,-
-,-,-
-,-,-
-,-,-
*,Aqui,vsis000
*,la,da0000
vr,espero,vmip000
-,-,-
-,-,-
-,-,-
-,-,-
-,-,-
*,Lo,pp000000
vr,tienes,vmip000
*,tambien,vmsi000
*,a,sp000
*,el,da0000
ad,tiempo,nc0s000
*,?,fit
-,-,-
-,-,-
-,-,-
-,-,-
-,-,-
*,A,sp000
*,el,da0000
ad,tiempo,nc0s000
*,manda,vmip000
*,me,pp000000
*,el,da0000
ad,24,z0
-,-,-
-,-,-
-,-,-
-,-,-
-,-,-
*,Callejon,np00000
*,de,sp000
*,las,da0000
*,mitras,nc0p000
*,202,z0
*,col,sp000
*,las,da0000
*,lajas,nc0p000
-,-,-
-,-,-
-,-,-
-,-,-
-,-,-
af,Ok,rn
-,-,-
-,-,-
-,-,-
-,-,-
-,-,-
*,Programado,aq0000
-,-,-
-,-,-
-,-,-
-,-,-
-,-,-
*,Entre,sp000
ad,6,z0
*,y,cc
ad,8,z0
-,-,-
-,-,-
-,-,-
-,-,-
-,-,-
*,Paseo,np00000
*,de,sp000
*,las,da0000
*,lajas,nc0p000
*,y,cc
*,limite,vmsp000
*,de,sp000
*,colonia,nc0s000
-,-,-
-,-,-
-,-,-
-,-,-
-,-,-
*,Ahorita,vmm0000
*,la,da0000
*,mando,nc0s000
-,-,-
-,-,-
-,-,-
-,-,-
-,-,-
*,y,cc
*,las,da0000
ad,8,z0
-,-,-
-,-,-
-,-,-
-,-,-
-,-,-
-,-,-
-,-,-
*,Es,vsip000
*,igual,aq0000
*,para,sp000
*,mi,dp0000
-,-,-
-,-,-
-,-,-
-,-,-
-,-,-
*,Como,cs
*,pueda,vmsp000
ng,no,rn
*,me,p0000000
*,urge,vmip000
-,-,-
-,-,-
-,-,-
-,-,-
-,-,-
af,Ok,rn
-,-,-
-,-,-
-,-,-
-,-,-
-,-,-
af,Ya,rg
af,llego,vmis000
-,-,-
-,-,-
-,-,-
-,-,-
-,-,-
af,Si,cs
af,gracias,nc0p000
-,-,-
-,-,-
-,-,-
-,-,-
-,-,-
*,Quiero,vmip000
vr,pedir,vmn0000
ad,una,di0000
pr,cerveza,nc0s000
-,-,-
-,-,-
-,-,-
-,-,-
-,-,-
*,Quiero,vmip000
ad,un,di0000
ad,doce,dn0000
*,de,sp000
pr,Budlight,np00000
-,-,-
-,-,-
-,-,-
-,-,-
-,-,-
*,Quiero,vmip000
ad,un,di0000
ad,doce,dn0000
*,de,sp000
pr,corona,nc0s000
-,-,-
-,-,-
-,-,-
-,-,-
-,-,-
vr,Deseo,vmip000
ad,una,di0000
pr,cerveza,nc0s000
-,-,-
-,-,-
-,-,-
-,-,-
-,-,-
*,Quiero,vmip000
vr,ordenar,vmn0000
ad,una,di0000
pr,cerveza,nc0s000
-,-,-
-,-,-
-,-,-
-,-,-
-,-,-
*,podrias,nc0p000
vr,traer,vmn0000
*,me,pp000000
ad,una,di0000
pr,cerveza,nc0s000
*,?,fit
-,-,-
-,-,-
-,-,-
-,-,-
-,-,-
*,me,pp000000
*,puedes,vmip000
vr,traer,vmn0000
ad,una,di0000
pr,cerveza,nc0s000
*,?,fit
-,-,-
-,-,-
-,-,-
-,-,-
-,-,-
*,te,pp000000
*,puedo,vmip000
vr,solicitar,vmn0000
ad,una,di0000
pr,cerveza,nc0s000
*,?,fit
-,-,-
-,-,-
-,-,-
-,-,-
-,-,-
*,puedes,vmip000
vr,vender,vmn0000
vr,me,pp000000
ad,una,di0000
pr,cerveza,nc0s000
*,?,fit
-,-,-
-,-,-
-,-,-
-,-,-
-,-,-